meal_plan_id,plan_title_vi,goal_code,goal_name_vi,target_kcal,style_code,style_name_vi,level_code,level_name_vi,meals_per_day,protein_target_g,fat_target_g,carb_target_g,hydration_guideline,meal_timing_note,notes
MP0001,Meal plan Giảm mỡ 1600 kcal - cân bằng,fat_loss,Giảm mỡ,1600,balanced,cân bằng,beginner,Mới bắt đầu,5,140,44,161,Uống đủ nước trong ngày; tăng nước và điện giải khi tập nặng hoặc đổ mồ hôi nhiều.,Chia protein tương đối đều qua các bữa; ưu tiên bữa giàu protein sau tập trong 1-3 giờ.,"Số liệu dinh dưỡng mang tính xấp xỉ; cần chỉnh theo cân nặng, khẩu vị và bệnh lý cá nhân."
MP0002,Meal plan Giảm mỡ 1600 kcal - cân bằng,fat_loss,Giảm mỡ,1600,balanced,cân bằng,intermediate,Trung cấp,5,156,44,145,Uống đủ nước trong ngày; tăng nước và điện giải khi tập nặng hoặc đổ mồ hôi nhiều.,Chia protein tương đối đều qua các bữa; ưu tiên bữa giàu protein sau tập trong 1-3 giờ.,"Số liệu dinh dưỡng mang tính xấp xỉ; cần chỉnh theo cân nặng, khẩu vị và bệnh lý cá nhân."
MP0003,Meal plan Giảm mỡ 1600 kcal - giàu protein,fat_loss,Giảm mỡ,1600,high_protein,giàu protein,beginner,Mới bắt đầu,4,140,44,161,Uống đủ nước trong ngày; tăng nước và điện giải khi tập nặng hoặc đổ mồ hôi nhiều.,Chia protein tương đối đều qua các bữa; ưu tiên bữa giàu protein sau tập trong 1-3 giờ.,"Số liệu dinh dưỡng mang tính xấp xỉ; cần chỉnh theo cân nặng, khẩu vị và bệnh lý cá nhân."
MP0004,Meal plan Giảm mỡ 1600 kcal - giàu protein,fat_loss,Giảm mỡ,1600,high_protein,giàu protein,intermediate,Trung cấp,5,156,44,145,Uống đủ nước trong ngày; tăng nước và điện giải khi tập nặng hoặc đổ mồ hôi nhiều.,Chia protein tương đối đều qua các bữa; ưu tiên bữa giàu protein sau tập trong 1-3 giờ.,"Số liệu dinh dưỡng mang tính xấp xỉ; cần chỉnh theo cân nặng, khẩu vị và bệnh lý cá nhân."
MP0005,Meal plan Giảm mỡ 1600 kcal - ăn chay có sữa/trứng,fat_loss,Giảm mỡ,1600,vegetarian,ăn chay có sữa/trứng,beginner,Mới bắt đầu,4,140,44,161,Uống đủ nước trong ngày; tăng nước và điện giải khi tập nặng hoặc đổ mồ hôi nhiều.,Chia protein tương đối đều qua các bữa; ưu tiên bữa giàu protein sau tập trong 1-3 giờ.,"Số liệu dinh dưỡng mang tính xấp xỉ; cần chỉnh theo cân nặng, khẩu vị và bệnh lý cá nhân."
MP0006,Meal plan Giảm mỡ 1600 kcal - ăn chay có sữa/trứng,fat_loss,Giảm mỡ,1600,vegetarian,ăn chay có sữa/trứng,intermediate,Trung cấp,4,156,44,145,Uống đủ nước trong ngày; tăng nước và điện giải khi tập nặng hoặc đổ mồ hôi nhiều.,Chia protein tương đối đều qua các bữa; ưu tiên bữa giàu protein sau tập trong 1-3 giờ.,"Số liệu dinh dưỡng mang tính xấp xỉ; cần chỉnh theo cân nặng, khẩu vị và bệnh lý cá nhân."
MP0007,Meal plan Giảm mỡ 1600 kcal - meal prep nhanh,fat_loss,Giảm mỡ,1600,quick_prep,meal prep nhanh,beginner,Mới bắt đầu,3,140,44,161,Uống đủ nước trong ngày; tăng nước và điện giải khi tập nặng hoặc đổ mồ hôi nhiều.,Chia protein tương đối đều qua các bữa; ưu tiên bữa giàu protein sau tập trong 1-3 giờ.,"Số liệu dinh dưỡng mang tính xấp xỉ; cần chỉnh theo cân nặng, khẩu vị và bệnh lý cá nhân."
MP0008,Meal plan Giảm mỡ 1600 kcal - meal prep nhanh,fat_loss,Giảm mỡ,1600,quick_prep,meal prep nhanh,intermediate,Trung cấp,3,156,44,145,Uống đủ nước trong ngày; tăng nước và điện giải khi tập nặng hoặc đổ mồ hôi nhiều.,Chia protein tương đối đều qua các bữa; ưu tiên bữa giàu protein sau tập trong 1-3 giờ.,"Số liệu dinh dưỡng mang tính xấp xỉ; cần chỉnh theo cân nặng, khẩu vị và bệnh lý cá nhân."
MP0009,Meal plan Giảm mỡ 1800 kcal - cân bằng,fat_loss,Giảm mỡ,1800,balanced,cân bằng,beginner,Mới bắt đầu,3,140,50,198,Uống đủ nước trong ngày; tăng nước và điện giải khi tập nặng hoặc đổ mồ hôi nhiều.,Chia protein tương đối đều qua các bữa; ưu tiên bữa giàu protein sau tập trong 1-3 giờ.,"Số liệu dinh dưỡng mang tính xấp xỉ; cần chỉnh theo cân nặng, khẩu vị và bệnh lý cá nhân."
MP0010,Meal plan Giảm mỡ 1800 kcal - cân bằng,fat_loss,Giảm mỡ,1800,balanced,cân bằng,intermediate,Trung cấp,3,156,50,182,Uống đủ nước trong ngày; tăng nước và điện giải khi tập nặng hoặc đổ mồ hôi nhiều.,Chia protein tương đối đều qua các bữa; ưu tiên bữa giàu protein sau tập trong 1-3 giờ.,"Số liệu dinh dưỡng mang tính xấp xỉ; cần chỉnh theo cân nặng, khẩu vị và bệnh lý cá nhân."
MP0011,Meal plan Giảm mỡ 1800 kcal - giàu protein,fat_loss,Giảm mỡ,1800,high_protein,giàu protein,beginner,Mới bắt đầu,4,140,50,198,Uống đủ nước trong ngày; tăng nước và điện giải khi tập nặng hoặc đổ mồ hôi nhiều.,Chia protein tương đối đều qua các bữa; ưu tiên bữa giàu protein sau tập trong 1-3 giờ.,"Số liệu dinh dưỡng mang tính xấp xỉ; cần chỉnh theo cân nặng, khẩu vị và bệnh lý cá nhân."
MP0012,Meal plan Giảm mỡ 1800 kcal - giàu protein,fat_loss,Giảm mỡ,1800,high_protein,giàu protein,intermediate,Trung cấp,4,156,50,182,Uống đủ nước trong ngày; tăng nước và điện giải khi tập nặng hoặc đổ mồ hôi nhiều.,Chia protein tương đối đều qua các bữa; ưu tiên bữa giàu protein sau tập trong 1-3 giờ.,"Số liệu dinh dưỡng mang tính xấp xỉ; cần chỉnh theo cân nặng, khẩu vị và bệnh lý cá nhân."
MP0013,Meal plan Giảm mỡ 1800 kcal - ăn chay có sữa/trứng,fat_loss,Giảm mỡ,1800,vegetarian,ăn chay có sữa/trứng,beginner,Mới bắt đầu,3,140,50,198,Uống đủ nước trong ngày; tăng nước và điện giải khi tập nặng hoặc đổ mồ hôi nhiều.,Chia protein tương đối đều qua các bữa; ưu tiên bữa giàu protein sau tập trong 1-3 giờ.,"Số liệu dinh dưỡng mang tính xấp xỉ; cần chỉnh theo cân nặng, khẩu vị và bệnh lý cá nhân."
MP0014,Meal plan Giảm mỡ 1800 kcal - ăn chay có sữa/trứng,fat_loss,Giảm mỡ,1800,vegetarian,ăn chay có sữa/trứng,intermediate,Trung cấp,3,156,50,182,Uống đủ nước trong ngày; tăng nước và điện giải khi tập nặng hoặc đổ mồ hôi nhiều.,Chia protein tương đối đều qua các bữa; ưu tiên bữa giàu protein sau tập trong 1-3 giờ.,"Số liệu dinh dưỡng mang tính xấp xỉ; cần chỉnh theo cân nặng, khẩu vị và bệnh lý cá nhân."
MP0015,Meal plan Giảm mỡ 1800 kcal - meal prep nhanh,fat_loss,Giảm mỡ,1800,quick_prep,meal prep nhanh,beginner,Mới bắt đầu,5,140,50,198,Uống đủ nước trong ngày; tăng nước và điện giải khi tập nặng hoặc đổ mồ hôi nhiều.,Chia protein tương đối đều qua các bữa; ưu tiên bữa giàu protein sau tập trong 1-3 giờ.,"Số liệu dinh dưỡng mang tính xấp xỉ; cần chỉnh theo cân nặng, khẩu vị và bệnh lý cá nhân."
MP0016,Meal plan Giảm mỡ 1800 kcal - meal prep nhanh,fat_loss,Giảm mỡ,1800,quick_prep,meal prep nhanh,intermediate,Trung cấp,3,156,50,182,Uống đủ nước trong ngày; tăng nước và điện giải khi tập nặng hoặc đổ mồ hôi nhiều.,Chia protein tương đối đều qua các bữa; ưu tiên bữa giàu protein sau tập trong 1-3 giờ.,"Số liệu dinh dưỡng mang tính xấp xỉ; cần chỉnh theo cân nặng, khẩu vị và bệnh lý cá nhân."
MP0017,Meal plan Giảm mỡ 2000 kcal - cân bằng,fat_loss,Giảm mỡ,2000,balanced,cân bằng,beginner,Mới bắt đầu,3,140,56,234,Uống đủ nước trong ngày; tăng nước và điện giải khi tập nặng hoặc đổ mồ hôi nhiều.,Chia protein tương đối đều qua các bữa; ưu tiên bữa giàu protein sau tập trong 1-3 giờ.,"Số liệu dinh dưỡng mang tính xấp xỉ; cần chỉnh theo cân nặng, khẩu vị và bệnh lý cá nhân."
MP0018,Meal plan Giảm mỡ 2000 kcal - cân bằng,fat_loss,Giảm mỡ,2000,balanced,cân bằng,intermediate,Trung cấp,4,156,56,218,Uống đủ nước trong ngày; tăng nước và điện giải khi tập nặng hoặc đổ mồ hôi nhiều.,Chia protein tương đối đều qua các bữa; ưu tiên bữa giàu protein sau tập trong 1-3 giờ.,"Số liệu dinh dưỡng mang tính xấp xỉ; cần chỉnh theo cân nặng, khẩu vị và bệnh lý cá nhân."
MP0019,Meal plan Giảm mỡ 2000 kcal - giàu protein,fat_loss,Giảm mỡ,2000,high_protein,giàu protein,beginner,Mới bắt đầu,5,140,56,234,Uống đủ nước trong ngày; tăng nước và điện giải khi tập nặng hoặc đổ mồ hôi nhiều.,Chia protein tương đối đều qua các bữa; ưu tiên bữa giàu protein sau tập trong 1-3 giờ.,"Số liệu dinh dưỡng mang tính xấp xỉ; cần chỉnh theo cân nặng, khẩu vị và bệnh lý cá nhân."
MP0020,Meal plan Giảm mỡ 2000 kcal - giàu protein,fat_loss,Giảm mỡ,2000,high_protein,giàu protein,intermediate,Trung cấp,5,156,56,218,Uống đủ nước trong ngày; tăng nước và điện giải khi tập nặng hoặc đổ mồ hôi nhiều.,Chia protein tương đối đều qua các bữa; ưu tiên bữa giàu protein sau tập trong 1-3 giờ.,"Số liệu dinh dưỡng mang tính xấp xỉ; cần chỉnh theo cân nặng, khẩu vị và bệnh lý cá nhân."
MP0021,Meal plan Giảm mỡ 2000 kcal - ăn chay có sữa/trứng,fat_loss,Giảm mỡ,2000,vegetarian,ăn chay có sữa/trứng,beginner,Mới bắt đầu,5,140,56,234,Uống đủ nước trong ngày; tăng nước và điện giải khi tập nặng hoặc đổ mồ hôi nhiều.,Chia protein tương đối đều qua các bữa; ưu tiên bữa giàu protein sau tập trong 1-3 giờ.,"Số liệu dinh dưỡng mang tính xấp xỉ; cần chỉnh theo cân nặng, khẩu vị và bệnh lý cá nhân."
MP0022,Meal plan Giảm mỡ 2000 kcal - ăn chay có sữa/trứng,fat_loss,Giảm mỡ,2000,vegetarian,ăn chay có sữa/trứng,intermediate,Trung cấp,5,156,56,218,Uống đủ nước trong ngày; tăng nước và điện giải khi tập nặng hoặc đổ mồ hôi nhiều.,Chia protein tương đối đều qua các bữa; ưu tiên bữa giàu protein sau tập trong 1-3 giờ.,"Số liệu dinh dưỡng mang tính xấp xỉ; cần chỉnh theo cân nặng, khẩu vị và bệnh lý cá nhân."
MP0023,Meal plan Giảm mỡ 2000 kcal - meal prep nhanh,fat_loss,Giảm mỡ,2000,quick_prep,meal prep nhanh,beginner,Mới bắt đầu,3,140,56,234,Uống đủ nước trong ngày; tăng nước và điện giải khi tập nặng hoặc đổ mồ hôi nhiều.,Chia protein tương đối đều qua các bữa; ưu tiên bữa giàu protein sau tập trong 1-3 giờ.,"Số liệu dinh dưỡng mang tính xấp xỉ; cần chỉnh theo cân nặng, khẩu vị và bệnh lý cá nhân."
MP0024,Meal plan Giảm mỡ 2000 kcal - meal prep nhanh,fat_loss,Giảm mỡ,2000,quick_prep,meal prep nhanh,intermediate,Trung cấp,4,156,56,218,Uống đủ nước trong ngày; tăng nước và điện giải khi tập nặng hoặc đổ mồ hôi nhiều.,Chia protein tương đối đều qua các bữa; ưu tiên bữa giàu protein sau tập trong 1-3 giờ.,"Số liệu dinh dưỡng mang tính xấp xỉ; cần chỉnh theo cân nặng, khẩu vị và bệnh lý cá nhân."
MP0025,Meal plan Thể lực tổng quát 2000 kcal - cân bằng,general_fitness,Thể lực tổng quát,2000,balanced,cân bằng,beginner,Mới bắt đầu,5,112,56,262,Uống đủ nước trong ngày; tăng nước và điện giải khi tập nặng hoặc đổ mồ hôi nhiều.,Chia protein tương đối đều qua các bữa; ưu tiên bữa giàu protein sau tập trong 1-3 giờ.,"Số liệu dinh dưỡng mang tính xấp xỉ; cần chỉnh theo cân nặng, khẩu vị và bệnh lý cá nhân."
MP0026,Meal plan Thể lực tổng quát 2000 kcal - cân bằng,general_fitness,Thể lực tổng quát,2000,balanced,cân bằng,intermediate,Trung cấp,3,125,56,249,Uống đủ nước trong ngày; tăng nước và điện giải khi tập nặng hoặc đổ mồ hôi nhiều.,Chia protein tương đối đều qua các bữa; ưu tiên bữa giàu protein sau tập trong 1-3 giờ.,"Số liệu dinh dưỡng mang tính xấp xỉ; cần chỉnh theo cân nặng, khẩu vị và bệnh lý cá nhân."
MP0027,Meal plan Thể lực tổng quát 2000 kcal - giàu protein,general_fitness,Thể lực tổng quát,2000,high_protein,giàu protein,beginner,Mới bắt đầu,3,112,56,262,Uống đủ nước trong ngày; tăng nước và điện giải khi tập nặng hoặc đổ mồ hôi nhiều.,Chia protein tương đối đều qua các bữa; ưu tiên bữa giàu protein sau tập trong 1-3 giờ.,"Số liệu dinh dưỡng mang tính xấp xỉ; cần chỉnh theo cân nặng, khẩu vị và bệnh lý cá nhân."
MP0028,Meal plan Thể lực tổng quát 2000 kcal - giàu protein,general_fitness,Thể lực tổng quát,2000,high_protein,giàu protein,intermediate,Trung cấp,3,125,56,249,Uống đủ nước trong ngày; tăng nước và điện giải khi tập nặng hoặc đổ mồ hôi nhiều.,Chia protein tương đối đều qua các bữa; ưu tiên bữa giàu protein sau tập trong 1-3 giờ.,"Số liệu dinh dưỡng mang tính xấp xỉ; cần chỉnh theo cân nặng, khẩu vị và bệnh lý cá nhân."
MP0029,Meal plan Thể lực tổng quát 2000 kcal - ăn chay có sữa/trứng,general_fitness,Thể lực tổng quát,2000,vegetarian,ăn chay có sữa/trứng,beginner,Mới bắt đầu,4,112,56,262,Uống đủ nước trong ngày; tăng nước và điện giải khi tập nặng hoặc đổ mồ hôi nhiều.,Chia protein tương đối đều qua các bữa; ưu tiên bữa giàu protein sau tập trong 1-3 giờ.,"Số liệu dinh dưỡng mang tính xấp xỉ; cần chỉnh theo cân nặng, khẩu vị và bệnh lý cá nhân."
MP0030,Meal plan Thể lực tổng quát 2000 kcal - ăn chay có sữa/trứng,general_fitness,Thể lực tổng quát,2000,vegetarian,ăn chay có sữa/trứng,intermediate,Trung cấp,3,125,56,249,Uống đủ nước trong ngày; tăng nước và điện giải khi tập nặng hoặc đổ mồ hôi nhiều.,Chia protein tương đối đều qua các bữa; ưu tiên bữa giàu protein sau tập trong 1-3 giờ.,"Số liệu dinh dưỡng mang tính xấp xỉ; cần chỉnh theo cân nặng, khẩu vị và bệnh lý cá nhân."
MP0031,Meal plan Thể lực tổng quát 2000 kcal - meal prep nhanh,general_fitness,Thể lực tổng quát,2000,quick_prep,meal prep nhanh,beginner,Mới bắt đầu,4,112,56,262,Uống đủ nước trong ngày; tăng nước và điện giải khi tập nặng hoặc đổ mồ hôi nhiều.,Chia protein tương đối đều qua các bữa; ưu tiên bữa giàu protein sau tập trong 1-3 giờ.,"Số liệu dinh dưỡng mang tính xấp xỉ; cần chỉnh theo cân nặng, khẩu vị và bệnh lý cá nhân."
MP0032,Meal plan Thể lực tổng quát 2000 kcal - meal prep nhanh,general_fitness,Thể lực tổng quát,2000,quick_prep,meal prep nhanh,intermediate,Trung cấp,5,125,56,249,Uống đủ nước trong ngày; tăng nước và điện giải khi tập nặng hoặc đổ mồ hôi nhiều.,Chia protein tương đối đều qua các bữa; ưu tiên bữa giàu protein sau tập trong 1-3 giờ.,"Số liệu dinh dưỡng mang tính xấp xỉ; cần chỉnh theo cân nặng, khẩu vị và bệnh lý cá nhân."
MP0033,Meal plan Thể lực tổng quát 2200 kcal - cân bằng,general_fitness,Thể lực tổng quát,2200,balanced,cân bằng,beginner,Mới bắt đầu,4,112,61,301,Uống đủ nước trong ngày; tăng nước và điện giải khi tập nặng hoặc đổ mồ hôi nhiều.,Chia protein tương đối đều qua các bữa; ưu tiên bữa giàu protein sau tập trong 1-3 giờ.,"Số liệu dinh dưỡng mang tính xấp xỉ; cần chỉnh theo cân nặng, khẩu vị và bệnh lý cá nhân."
MP0034,Meal plan Thể lực tổng quát 2200 kcal - cân bằng,general_fitness,Thể lực tổng quát,2200,balanced,cân bằng,intermediate,Trung cấp,5,125,61,288,Uống đủ nước trong ngày; tăng nước và điện giải khi tập nặng hoặc đổ mồ hôi nhiều.,Chia protein tương đối đều qua các bữa; ưu tiên bữa giàu protein sau tập trong 1-3 giờ.,"Số liệu dinh dưỡng mang tính xấp xỉ; cần chỉnh theo cân nặng, khẩu vị và bệnh lý cá nhân."
MP0035,Meal plan Thể lực tổng quát 2200 kcal - giàu protein,general_fitness,Thể lực tổng quát,2200,high_protein,giàu protein,beginner,Mới bắt đầu,4,112,61,301,Uống đủ nước trong ngày; tăng nước và điện giải khi tập nặng hoặc đổ mồ hôi nhiều.,Chia protein tương đối đều qua các bữa; ưu tiên bữa giàu protein sau tập trong 1-3 giờ.,"Số liệu dinh dưỡng mang tính xấp xỉ; cần chỉnh theo cân nặng, khẩu vị và bệnh lý cá nhân."
MP0036,Meal plan Thể lực tổng quát 2200 kcal - giàu protein,general_fitness,Thể lực tổng quát,2200,high_protein,giàu protein,intermediate,Trung cấp,5,125,61,288,Uống đủ nước trong ngày; tăng nước và điện giải khi tập nặng hoặc đổ mồ hôi nhiều.,Chia protein tương đối đều qua các bữa; ưu tiên bữa giàu protein sau tập trong 1-3 giờ.,"Số liệu dinh dưỡng mang tính xấp xỉ; cần chỉnh theo cân nặng, khẩu vị và bệnh lý cá nhân."
MP0037,Meal plan Thể lực tổng quát 2200 kcal - ăn chay có sữa/trứng,general_fitness,Thể lực tổng quát,2200,vegetarian,ăn chay có sữa/trứng,beginner,Mới bắt đầu,3,112,61,301,Uống đủ nước trong ngày; tăng nước và điện giải khi tập nặng hoặc đổ mồ hôi nhiều.,Chia protein tương đối đều qua các bữa; ưu tiên bữa giàu protein sau tập trong 1-3 giờ.,"Số liệu dinh dưỡng mang tính xấp xỉ; cần chỉnh theo cân nặng, khẩu vị và bệnh lý cá nhân."
MP0038,Meal plan Thể lực tổng quát 2200 kcal - ăn chay có sữa/trứng,general_fitness,Thể lực tổng quát,2200,vegetarian,ăn chay có sữa/trứng,intermediate,Trung cấp,4,125,61,288,Uống đủ nước trong ngày; tăng nước và điện giải khi tập nặng hoặc đổ mồ hôi nhiều.,Chia protein tương đối đều qua các bữa; ưu tiên bữa giàu protein sau tập trong 1-3 giờ.,"Số liệu dinh dưỡng mang tính xấp xỉ; cần chỉnh theo cân nặng, khẩu vị và bệnh lý cá nhân."
MP0039,Meal plan Thể lực tổng quát 2200 kcal - meal prep nhanh,general_fitness,Thể lực tổng quát,2200,quick_prep,meal prep nhanh,beginner,Mới bắt đầu,4,112,61,301,Uống đủ nước trong ngày; tăng nước và điện giải khi tập nặng hoặc đổ mồ hôi nhiều.,Chia protein tương đối đều qua các bữa; ưu tiên bữa giàu protein sau tập trong 1-3 giờ.,"Số liệu dinh dưỡng mang tính xấp xỉ; cần chỉnh theo cân nặng, khẩu vị và bệnh lý cá nhân."
MP0040,Meal plan Thể lực tổng quát 2200 kcal - meal prep nhanh,general_fitness,Thể lực tổng quát,2200,quick_prep,meal prep nhanh,intermediate,Trung cấp,5,125,61,288,Uống đủ nước trong ngày; tăng nước và điện giải khi tập nặng hoặc đổ mồ hôi nhiều.,Chia protein tương đối đều qua các bữa; ưu tiên bữa giàu protein sau tập trong 1-3 giờ.,"Số liệu dinh dưỡng mang tính xấp xỉ; cần chỉnh theo cân nặng, khẩu vị và bệnh lý cá nhân."
MP0041,Meal plan Tái cấu trúc cơ thể 2000 kcal - cân bằng,body_recomposition,Tái cấu trúc cơ thể,2000,balanced,cân bằng,beginner,Mới bắt đầu,5,140,56,234,Uống đủ nước trong ngày; tăng nước và điện giải khi tập nặng hoặc đổ mồ hôi nhiều.,Chia protein tương đối đều qua các bữa; ưu tiên bữa giàu protein sau tập trong 1-3 giờ.,"Số liệu dinh dưỡng mang tính xấp xỉ; cần chỉnh theo cân nặng, khẩu vị và bệnh lý cá nhân."
MP0042,Meal plan Tái cấu trúc cơ thể 2000 kcal - cân bằng,body_recomposition,Tái cấu trúc cơ thể,2000,balanced,cân bằng,intermediate,Trung cấp,3,156,56,218,Uống đủ nước trong ngày; tăng nước và điện giải khi tập nặng hoặc đổ mồ hôi nhiều.,Chia protein tương đối đều qua các bữa; ưu tiên bữa giàu protein sau tập trong 1-3 giờ.,"Số liệu dinh dưỡng mang tính xấp xỉ; cần chỉnh theo cân nặng, khẩu vị và bệnh lý cá nhân."
MP0043,Meal plan Tái cấu trúc cơ thể 2000 kcal - giàu protein,body_recomposition,Tái cấu trúc cơ thể,2000,high_protein,giàu protein,beginner,Mới bắt đầu,5,140,56,234,Uống đủ nước trong ngày; tăng nước và điện giải khi tập nặng hoặc đổ mồ hôi nhiều.,Chia protein tương đối đều qua các bữa; ưu tiên bữa giàu protein sau tập trong 1-3 giờ.,"Số liệu dinh dưỡng mang tính xấp xỉ; cần chỉnh theo cân nặng, khẩu vị và bệnh lý cá nhân."
MP0044,Meal plan Tái cấu trúc cơ thể 2000 kcal - giàu protein,body_recomposition,Tái cấu trúc cơ thể,2000,high_protein,giàu protein,intermediate,Trung cấp,3,156,56,218,Uống đủ nước trong ngày; tăng nước và điện giải khi tập nặng hoặc đổ mồ hôi nhiều.,Chia protein tương đối đều qua các bữa; ưu tiên bữa giàu protein sau tập trong 1-3 giờ.,"Số liệu dinh dưỡng mang tính xấp xỉ; cần chỉnh theo cân nặng, khẩu vị và bệnh lý cá nhân."
MP0045,Meal plan Tái cấu trúc cơ thể 2000 kcal - ăn chay có sữa/trứng,body_recomposition,Tái cấu trúc cơ thể,2000,vegetarian,ăn chay có sữa/trứng,beginner,Mới bắt đầu,4,140,56,234,Uống đủ nước trong ngày; tăng nước và điện giải khi tập nặng hoặc đổ mồ hôi nhiều.,Chia protein tương đối đều qua các bữa; ưu tiên bữa giàu protein sau tập trong 1-3 giờ.,"Số liệu dinh dưỡng mang tính xấp xỉ; cần chỉnh theo cân nặng, khẩu vị và bệnh lý cá nhân."
MP0046,Meal plan Tái cấu trúc cơ thể 2000 kcal - ăn chay có sữa/trứng,body_recomposition,Tái cấu trúc cơ thể,2000,vegetarian,ăn chay có sữa/trứng,intermediate,Trung cấp,5,156,56,218,Uống đủ nước trong ngày; tăng nước và điện giải khi tập nặng hoặc đổ mồ hôi nhiều.,Chia protein tương đối đều qua các bữa; ưu tiên bữa giàu protein sau tập trong 1-3 giờ.,"Số liệu dinh dưỡng mang tính xấp xỉ; cần chỉnh theo cân nặng, khẩu vị và bệnh lý cá nhân."
MP0047,Meal plan Tái cấu trúc cơ thể 2000 kcal - meal prep nhanh,body_recomposition,Tái cấu trúc cơ thể,2000,quick_prep,meal prep nhanh,beginner,Mới bắt đầu,3,140,56,234,Uống đủ nước trong ngày; tăng nước và điện giải khi tập nặng hoặc đổ mồ hôi nhiều.,Chia protein tương đối đều qua các bữa; ưu tiên bữa giàu protein sau tập trong 1-3 giờ.,"Số liệu dinh dưỡng mang tính xấp xỉ; cần chỉnh theo cân nặng, khẩu vị và bệnh lý cá nhân."
MP0048,Meal plan Tái cấu trúc cơ thể 2000 kcal - meal prep nhanh,body_recomposition,Tái cấu trúc cơ thể,2000,quick_prep,meal prep nhanh,intermediate,Trung cấp,5,156,56,218,Uống đủ nước trong ngày; tăng nước và điện giải khi tập nặng hoặc đổ mồ hôi nhiều.,Chia protein tương đối đều qua các bữa; ưu tiên bữa giàu protein sau tập trong 1-3 giờ.,"Số liệu dinh dưỡng mang tính xấp xỉ; cần chỉnh theo cân nặng, khẩu vị và bệnh lý cá nhân."
MP0049,Meal plan Tái cấu trúc cơ thể 2200 kcal - cân bằng,body_recomposition,Tái cấu trúc cơ thể,2200,balanced,cân bằng,beginner,Mới bắt đầu,3,140,61,273,Uống đủ nước trong ngày; tăng nước và điện giải khi tập nặng hoặc đổ mồ hôi nhiều.,Chia protein tương đối đều qua các bữa; ưu tiên bữa giàu protein sau tập trong 1-3 giờ.,"Số liệu dinh dưỡng mang tính xấp xỉ; cần chỉnh theo cân nặng, khẩu vị và bệnh lý cá nhân."
MP0050,Meal plan Tái cấu trúc cơ thể 2200 kcal - cân bằng,body_recomposition,Tái cấu trúc cơ thể,2200,balanced,cân bằng,intermediate,Trung cấp,5,156,61,257,Uống đủ nước trong ngày; tăng nước và điện giải khi tập nặng hoặc đổ mồ hôi nhiều.,Chia protein tương đối đều qua các bữa; ưu tiên bữa giàu protein sau tập trong 1-3 giờ.,"Số liệu dinh dưỡng mang tính xấp xỉ; cần chỉnh theo cân nặng, khẩu vị và bệnh lý cá nhân."
MP0051,Meal plan Tái cấu trúc cơ thể 2200 kcal - giàu protein,body_recomposition,Tái cấu trúc cơ thể,2200,high_protein,giàu protein,beginner,Mới bắt đầu,5,140,61,273,Uống đủ nước trong ngày; tăng nước và điện giải khi tập nặng hoặc đổ mồ hôi nhiều.,Chia protein tương đối đều qua các bữa; ưu tiên bữa giàu protein sau tập trong 1-3 giờ.,"Số liệu dinh dưỡng mang tính xấp xỉ; cần chỉnh theo cân nặng, khẩu vị và bệnh lý cá nhân."
MP0052,Meal plan Tái cấu trúc cơ thể 2200 kcal - giàu protein,body_recomposition,Tái cấu trúc cơ thể,2200,high_protein,giàu protein,intermediate,Trung cấp,5,156,61,257,Uống đủ nước trong ngày; tăng nước và điện giải khi tập nặng hoặc đổ mồ hôi nhiều.,Chia protein tương đối đều qua các bữa; ưu tiên bữa giàu protein sau tập trong 1-3 giờ.,"Số liệu dinh dưỡng mang tính xấp xỉ; cần chỉnh theo cân nặng, khẩu vị và bệnh lý cá nhân."
MP0053,Meal plan Tái cấu trúc cơ thể 2200 kcal - ăn chay có sữa/trứng,body_recomposition,Tái cấu trúc cơ thể,2200,vegetarian,ăn chay có sữa/trứng,beginner,Mới bắt đầu,3,140,61,273,Uống đủ nước trong ngày; tăng nước và điện giải khi tập nặng hoặc đổ mồ hôi nhiều.,Chia protein tương đối đều qua các bữa; ưu tiên bữa giàu protein sau tập trong 1-3 giờ.,"Số liệu dinh dưỡng mang tính xấp xỉ; cần chỉnh theo cân nặng, khẩu vị và bệnh lý cá nhân."
MP0054,Meal plan Tái cấu trúc cơ thể 2200 kcal - ăn chay có sữa/trứng,body_recomposition,Tái cấu trúc cơ thể,2200,vegetarian,ăn chay có sữa/trứng,intermediate,Trung cấp,5,156,61,257,Uống đủ nước trong ngày; tăng nước và điện giải khi tập nặng hoặc đổ mồ hôi nhiều.,Chia protein tương đối đều qua các bữa; ưu tiên bữa giàu protein sau tập trong 1-3 giờ.,"Số liệu dinh dưỡng mang tính xấp xỉ; cần chỉnh theo cân nặng, khẩu vị và bệnh lý cá nhân."
MP0055,Meal plan Tái cấu trúc cơ thể 2200 kcal - meal prep nhanh,body_recomposition,Tái cấu trúc cơ thể,2200,quick_prep,meal prep nhanh,beginner,Mới bắt đầu,4,140,61,273,Uống đủ nước trong ngày; tăng nước và điện giải khi tập nặng hoặc đổ mồ hôi nhiều.,Chia protein tương đối đều qua các bữa; ưu tiên bữa giàu protein sau tập trong 1-3 giờ.,"Số liệu dinh dưỡng mang tính xấp xỉ; cần chỉnh theo cân nặng, khẩu vị và bệnh lý cá nhân."
MP0056,Meal plan Tái cấu trúc cơ thể 2200 kcal - meal prep nhanh,body_recomposition,Tái cấu trúc cơ thể,2200,quick_prep,meal prep nhanh,intermediate,Trung cấp,5,156,61,257,Uống đủ nước trong ngày; tăng nước và điện giải khi tập nặng hoặc đổ mồ hôi nhiều.,Chia protein tương đối đều qua các bữa; ưu tiên bữa giàu protein sau tập trong 1-3 giờ.,"Số liệu dinh dưỡng mang tính xấp xỉ; cần chỉnh theo cân nặng, khẩu vị và bệnh lý cá nhân."
MP0057,Meal plan Tăng cơ 2400 kcal - cân bằng,muscle_gain,Tăng cơ,2400,balanced,cân bằng,beginner,Mới bắt đầu,3,140,67,309,Uống đủ nước trong ngày; tăng nước và điện giải khi tập nặng hoặc đổ mồ hôi nhiều.,Chia protein tương đối đều qua các bữa; ưu tiên bữa giàu protein sau tập trong 1-3 giờ.,"Số liệu dinh dưỡng mang tính xấp xỉ; cần chỉnh theo cân nặng, khẩu vị và bệnh lý cá nhân."
MP0058,Meal plan Tăng cơ 2400 kcal - cân bằng,muscle_gain,Tăng cơ,2400,balanced,cân bằng,intermediate,Trung cấp,5,156,67,293,Uống đủ nước trong ngày; tăng nước và điện giải khi tập nặng hoặc đổ mồ hôi nhiều.,Chia protein tương đối đều qua các bữa; ưu tiên bữa giàu protein sau tập trong 1-3 giờ.,"Số liệu dinh dưỡng mang tính xấp xỉ; cần chỉnh theo cân nặng, khẩu vị và bệnh lý cá nhân."
MP0059,Meal plan Tăng cơ 2400 kcal - giàu protein,muscle_gain,Tăng cơ,2400,high_protein,giàu protein,beginner,Mới bắt đầu,5,140,67,309,Uống đủ nước trong ngày; tăng nước và điện giải khi tập nặng hoặc đổ mồ hôi nhiều.,Chia protein tương đối đều qua các bữa; ưu tiên bữa giàu protein sau tập trong 1-3 giờ.,"Số liệu dinh dưỡng mang tính xấp xỉ; cần chỉnh theo cân nặng, khẩu vị và bệnh lý cá nhân."
MP0060,Meal plan Tăng cơ 2400 kcal - giàu protein,muscle_gain,Tăng cơ,2400,high_protein,giàu protein,intermediate,Trung cấp,5,156,67,293,Uống đủ nước trong ngày; tăng nước và điện giải khi tập nặng hoặc đổ mồ hôi nhiều.,Chia protein tương đối đều qua các bữa; ưu tiên bữa giàu protein sau tập trong 1-3 giờ.,"Số liệu dinh dưỡng mang tính xấp xỉ; cần chỉnh theo cân nặng, khẩu vị và bệnh lý cá nhân."
MP0061,Meal plan Tăng cơ 2400 kcal - ăn chay có sữa/trứng,muscle_gain,Tăng cơ,2400,vegetarian,ăn chay có sữa/trứng,beginner,Mới bắt đầu,5,140,67,309,Uống đủ nước trong ngày; tăng nước và điện giải khi tập nặng hoặc đổ mồ hôi nhiều.,Chia protein tương đối đều qua các bữa; ưu tiên bữa giàu protein sau tập trong 1-3 giờ.,"Số liệu dinh dưỡng mang tính xấp xỉ; cần chỉnh theo cân nặng, khẩu vị và bệnh lý cá nhân."
MP0062,Meal plan Tăng cơ 2400 kcal - ăn chay có sữa/trứng,muscle_gain,Tăng cơ,2400,vegetarian,ăn chay có sữa/trứng,intermediate,Trung cấp,3,156,67,293,Uống đủ nước trong ngày; tăng nước và điện giải khi tập nặng hoặc đổ mồ hôi nhiều.,Chia protein tương đối đều qua các bữa; ưu tiên bữa giàu protein sau tập trong 1-3 giờ.,"Số liệu dinh dưỡng mang tính xấp xỉ; cần chỉnh theo cân nặng, khẩu vị và bệnh lý cá nhân."
MP0063,Meal plan Tăng cơ 2400 kcal - meal prep nhanh,muscle_gain,Tăng cơ,2400,quick_prep,meal prep nhanh,beginner,Mới bắt đầu,3,140,67,309,Uống đủ nước trong ngày; tăng nước và điện giải khi tập nặng hoặc đổ mồ hôi nhiều.,Chia protein tương đối đều qua các bữa; ưu tiên bữa giàu protein sau tập trong 1-3 giờ.,"Số liệu dinh dưỡng mang tính xấp xỉ; cần chỉnh theo cân nặng, khẩu vị và bệnh lý cá nhân."
MP0064,Meal plan Tăng cơ 2400 kcal - meal prep nhanh,muscle_gain,Tăng cơ,2400,quick_prep,meal prep nhanh,intermediate,Trung cấp,4,156,67,293,Uống đủ nước trong ngày; tăng nước và điện giải khi tập nặng hoặc đổ mồ hôi nhiều.,Chia protein tương đối đều qua các bữa; ưu tiên bữa giàu protein sau tập trong 1-3 giờ.,"Số liệu dinh dưỡng mang tính xấp xỉ; cần chỉnh theo cân nặng, khẩu vị và bệnh lý cá nhân."
MP0065,Meal plan Tăng cơ 2600 kcal - cân bằng,muscle_gain,Tăng cơ,2600,balanced,cân bằng,beginner,Mới bắt đầu,4,140,72,348,Uống đủ nước trong ngày; tăng nước và điện giải khi tập nặng hoặc đổ mồ hôi nhiều.,Chia protein tương đối đều qua các bữa; ưu tiên bữa giàu protein sau tập trong 1-3 giờ.,"Số liệu dinh dưỡng mang tính xấp xỉ; cần chỉnh theo cân nặng, khẩu vị và bệnh lý cá nhân."
MP0066,Meal plan Tăng cơ 2600 kcal - cân bằng,muscle_gain,Tăng cơ,2600,balanced,cân bằng,intermediate,Trung cấp,4,156,72,332,Uống đủ nước trong ngày; tăng nước và điện giải khi tập nặng hoặc đổ mồ hôi nhiều.,Chia protein tương đối đều qua các bữa; ưu tiên bữa giàu protein sau tập trong 1-3 giờ.,"Số liệu dinh dưỡng mang tính xấp xỉ; cần chỉnh theo cân nặng, khẩu vị và bệnh lý cá nhân."
MP0067,Meal plan Tăng cơ 2600 kcal - giàu protein,muscle_gain,Tăng cơ,2600,high_protein,giàu protein,beginner,Mới bắt đầu,4,140,72,348,Uống đủ nước trong ngày; tăng nước và điện giải khi tập nặng hoặc đổ mồ hôi nhiều.,Chia protein tương đối đều qua các bữa; ưu tiên bữa giàu protein sau tập trong 1-3 giờ.,"Số liệu dinh dưỡng mang tính xấp xỉ; cần chỉnh theo cân nặng, khẩu vị và bệnh lý cá nhân."
MP0068,Meal plan Tăng cơ 2600 kcal - giàu protein,muscle_gain,Tăng cơ,2600,high_protein,giàu protein,intermediate,Trung cấp,3,156,72,332,Uống đủ nước trong ngày; tăng nước và điện giải khi tập nặng hoặc đổ mồ hôi nhiều.,Chia protein tương đối đều qua các bữa; ưu tiên bữa giàu protein sau tập trong 1-3 giờ.,"Số liệu dinh dưỡng mang tính xấp xỉ; cần chỉnh theo cân nặng, khẩu vị và bệnh lý cá nhân."
MP0069,Meal plan Tăng cơ 2600 kcal - ăn chay có sữa/trứng,muscle_gain,Tăng cơ,2600,vegetarian,ăn chay có sữa/trứng,beginner,Mới bắt đầu,4,140,72,348,Uống đủ nước trong ngày; tăng nước và điện giải khi tập nặng hoặc đổ mồ hôi nhiều.,Chia protein tương đối đều qua các bữa; ưu tiên bữa giàu protein sau tập trong 1-3 giờ.,"Số liệu dinh dưỡng mang tính xấp xỉ; cần chỉnh theo cân nặng, khẩu vị và bệnh lý cá nhân."
MP0070,Meal plan Tăng cơ 2600 kcal - ăn chay có sữa/trứng,muscle_gain,Tăng cơ,2600,vegetarian,ăn chay có sữa/trứng,intermediate,Trung cấp,5,156,72,332,Uống đủ nước trong ngày; tăng nước và điện giải khi tập nặng hoặc đổ mồ hôi nhiều.,Chia protein tương đối đều qua các bữa; ưu tiên bữa giàu protein sau tập trong 1-3 giờ.,"Số liệu dinh dưỡng mang tính xấp xỉ; cần chỉnh theo cân nặng, khẩu vị và bệnh lý cá nhân."
MP0071,Meal plan Tăng cơ 2600 kcal - meal prep nhanh,muscle_gain,Tăng cơ,2600,quick_prep,meal prep nhanh,beginner,Mới bắt đầu,3,140,72,348,Uống đủ nước trong ngày; tăng nước và điện giải khi tập nặng hoặc đổ mồ hôi nhiều.,Chia protein tương đối đều qua các bữa; ưu tiên bữa giàu protein sau tập trong 1-3 giờ.,"Số liệu dinh dưỡng mang tính xấp xỉ; cần chỉnh theo cân nặng, khẩu vị và bệnh lý cá nhân."
MP0072,Meal plan Tăng cơ 2600 kcal - meal prep nhanh,muscle_gain,Tăng cơ,2600,quick_prep,meal prep nhanh,intermediate,Trung cấp,4,156,72,332,Uống đủ nước trong ngày; tăng nước và điện giải khi tập nặng hoặc đổ mồ hôi nhiều.,Chia protein tương đối đều qua các bữa; ưu tiên bữa giàu protein sau tập trong 1-3 giờ.,"Số liệu dinh dưỡng mang tính xấp xỉ; cần chỉnh theo cân nặng, khẩu vị và bệnh lý cá nhân."
MP0073,Meal plan Tăng cơ 2800 kcal - cân bằng,muscle_gain,Tăng cơ,2800,balanced,cân bằng,beginner,Mới bắt đầu,5,140,78,384,Uống đủ nước trong ngày; tăng nước và điện giải khi tập nặng hoặc đổ mồ hôi nhiều.,Chia protein tương đối đều qua các bữa; ưu tiên bữa giàu protein sau tập trong 1-3 giờ.,"Số liệu dinh dưỡng mang tính xấp xỉ; cần chỉnh theo cân nặng, khẩu vị và bệnh lý cá nhân."
MP0074,Meal plan Tăng cơ 2800 kcal - cân bằng,muscle_gain,Tăng cơ,2800,balanced,cân bằng,intermediate,Trung cấp,5,156,78,368,Uống đủ nước trong ngày; tăng nước và điện giải khi tập nặng hoặc đổ mồ hôi nhiều.,Chia protein tương đối đều qua các bữa; ưu tiên bữa giàu protein sau tập trong 1-3 giờ.,"Số liệu dinh dưỡng mang tính xấp xỉ; cần chỉnh theo cân nặng, khẩu vị và bệnh lý cá nhân."
MP0075,Meal plan Tăng cơ 2800 kcal - giàu protein,muscle_gain,Tăng cơ,2800,high_protein,giàu protein,beginner,Mới bắt đầu,4,140,78,384,Uống đủ nước trong ngày; tăng nước và điện giải khi tập nặng hoặc đổ mồ hôi nhiều.,Chia protein tương đối đều qua các bữa; ưu tiên bữa giàu protein sau tập trong 1-3 giờ.,"Số liệu dinh dưỡng mang tính xấp xỉ; cần chỉnh theo cân nặng, khẩu vị và bệnh lý cá nhân."
MP0076,Meal plan Tăng cơ 2800 kcal - giàu protein,muscle_gain,Tăng cơ,2800,high_protein,giàu protein,intermediate,Trung cấp,3,156,78,368,Uống đủ nước trong ngày; tăng nước và điện giải khi tập nặng hoặc đổ mồ hôi nhiều.,Chia protein tương đối đều qua các bữa; ưu tiên bữa giàu protein sau tập trong 1-3 giờ.,"Số liệu dinh dưỡng mang tính xấp xỉ; cần chỉnh theo cân nặng, khẩu vị và bệnh lý cá nhân."
MP0077,Meal plan Tăng cơ 2800 kcal - ăn chay có sữa/trứng,muscle_gain,Tăng cơ,2800,vegetarian,ăn chay có sữa/trứng,beginner,Mới bắt đầu,3,140,78,384,Uống đủ nước trong ngày; tăng nước và điện giải khi tập nặng hoặc đổ mồ hôi nhiều.,Chia protein tương đối đều qua các bữa; ưu tiên bữa giàu protein sau tập trong 1-3 giờ.,"Số liệu dinh dưỡng mang tính xấp xỉ; cần chỉnh theo cân nặng, khẩu vị và bệnh lý cá nhân."
MP0078,Meal plan Tăng cơ 2800 kcal - ăn chay có sữa/trứng,muscle_gain,Tăng cơ,2800,vegetarian,ăn chay có sữa/trứng,intermediate,Trung cấp,3,156,78,368,Uống đủ nước trong ngày; tăng nước và điện giải khi tập nặng hoặc đổ mồ hôi nhiều.,Chia protein tương đối đều qua các bữa; ưu tiên bữa giàu protein sau tập trong 1-3 giờ.,"Số liệu dinh dưỡng mang tính xấp xỉ; cần chỉnh theo cân nặng, khẩu vị và bệnh lý cá nhân."
MP0079,Meal plan Tăng cơ 2800 kcal - meal prep nhanh,muscle_gain,Tăng cơ,2800,quick_prep,meal prep nhanh,beginner,Mới bắt đầu,5,140,78,384,Uống đủ nước trong ngày; tăng nước và điện giải khi tập nặng hoặc đổ mồ hôi nhiều.,Chia protein tương đối đều qua các bữa; ưu tiên bữa giàu protein sau tập trong 1-3 giờ.,"Số liệu dinh dưỡng mang tính xấp xỉ; cần chỉnh theo cân nặng, khẩu vị và bệnh lý cá nhân."
MP0080,Meal plan Tăng cơ 2800 kcal - meal prep nhanh,muscle_gain,Tăng cơ,2800,quick_prep,meal prep nhanh,intermediate,Trung cấp,4,156,78,368,Uống đủ nước trong ngày; tăng nước và điện giải khi tập nặng hoặc đổ mồ hôi nhiều.,Chia protein tương đối đều qua các bữa; ưu tiên bữa giàu protein sau tập trong 1-3 giờ.,"Số liệu dinh dưỡng mang tính xấp xỉ; cần chỉnh theo cân nặng, khẩu vị và bệnh lý cá nhân."
MP0081,Meal plan Tăng cơ 3000 kcal - cân bằng,muscle_gain,Tăng cơ,3000,balanced,cân bằng,beginner,Mới bắt đầu,5,140,83,423,Uống đủ nước trong ngày; tăng nước và điện giải khi tập nặng hoặc đổ mồ hôi nhiều.,Chia protein tương đối đều qua các bữa; ưu tiên bữa giàu protein sau tập trong 1-3 giờ.,"Số liệu dinh dưỡng mang tính xấp xỉ; cần chỉnh theo cân nặng, khẩu vị và bệnh lý cá nhân."
MP0082,Meal plan Tăng cơ 3000 kcal - cân bằng,muscle_gain,Tăng cơ,3000,balanced,cân bằng,intermediate,Trung cấp,3,156,83,407,Uống đủ nước trong ngày; tăng nước và điện giải khi tập nặng hoặc đổ mồ hôi nhiều.,Chia protein tương đối đều qua các bữa; ưu tiên bữa giàu protein sau tập trong 1-3 giờ.,"Số liệu dinh dưỡng mang tính xấp xỉ; cần chỉnh theo cân nặng, khẩu vị và bệnh lý cá nhân."
MP0083,Meal plan Tăng cơ 3000 kcal - giàu protein,muscle_gain,Tăng cơ,3000,high_protein,giàu protein,beginner,Mới bắt đầu,4,140,83,423,Uống đủ nước trong ngày; tăng nước và điện giải khi tập nặng hoặc đổ mồ hôi nhiều.,Chia protein tương đối đều qua các bữa; ưu tiên bữa giàu protein sau tập trong 1-3 giờ.,"Số liệu dinh dưỡng mang tính xấp xỉ; cần chỉnh theo cân nặng, khẩu vị và bệnh lý cá nhân."
MP0084,Meal plan Tăng cơ 3000 kcal - giàu protein,muscle_gain,Tăng cơ,3000,high_protein,giàu protein,intermediate,Trung cấp,5,156,83,407,Uống đủ nước trong ngày; tăng nước và điện giải khi tập nặng hoặc đổ mồ hôi nhiều.,Chia protein tương đối đều qua các bữa; ưu tiên bữa giàu protein sau tập trong 1-3 giờ.,"Số liệu dinh dưỡng mang tính xấp xỉ; cần chỉnh theo cân nặng, khẩu vị và bệnh lý cá nhân."
MP0085,Meal plan Tăng cơ 3000 kcal - ăn chay có sữa/trứng,muscle_gain,Tăng cơ,3000,vegetarian,ăn chay có sữa/trứng,beginner,Mới bắt đầu,5,140,83,423,Uống đủ nước trong ngày; tăng nước và điện giải khi tập nặng hoặc đổ mồ hôi nhiều.,Chia protein tương đối đều qua các bữa; ưu tiên bữa giàu protein sau tập trong 1-3 giờ.,"Số liệu dinh dưỡng mang tính xấp xỉ; cần chỉnh theo cân nặng, khẩu vị và bệnh lý cá nhân."
MP0086,Meal plan Tăng cơ 3000 kcal - ăn chay có sữa/trứng,muscle_gain,Tăng cơ,3000,vegetarian,ăn chay có sữa/trứng,intermediate,Trung cấp,4,156,83,407,Uống đủ nước trong ngày; tăng nước và điện giải khi tập nặng hoặc đổ mồ hôi nhiều.,Chia protein tương đối đều qua các bữa; ưu tiên bữa giàu protein sau tập trong 1-3 giờ.,"Số liệu dinh dưỡng mang tính xấp xỉ; cần chỉnh theo cân nặng, khẩu vị và bệnh lý cá nhân."
MP0087,Meal plan Tăng cơ 3000 kcal - meal prep nhanh,muscle_gain,Tăng cơ,3000,quick_prep,meal prep nhanh,beginner,Mới bắt đầu,5,140,83,423,Uống đủ nước trong ngày; tăng nước và điện giải khi tập nặng hoặc đổ mồ hôi nhiều.,Chia protein tương đối đều qua các bữa; ưu tiên bữa giàu protein sau tập trong 1-3 giờ.,"Số liệu dinh dưỡng mang tính xấp xỉ; cần chỉnh theo cân nặng, khẩu vị và bệnh lý cá nhân."
MP0088,Meal plan Tăng cơ 3000 kcal - meal prep nhanh,muscle_gain,Tăng cơ,3000,quick_prep,meal prep nhanh,intermediate,Trung cấp,5,156,83,407,Uống đủ nước trong ngày; tăng nước và điện giải khi tập nặng hoặc đổ mồ hôi nhiều.,Chia protein tương đối đều qua các bữa; ưu tiên bữa giàu protein sau tập trong 1-3 giờ.,"Số liệu dinh dưỡng mang tính xấp xỉ; cần chỉnh theo cân nặng, khẩu vị và bệnh lý cá nhân."
MP0089,Meal plan Tăng sức mạnh 2400 kcal - cân bằng,strength,Tăng sức mạnh,2400,balanced,cân bằng,beginner,Mới bắt đầu,5,112,67,337,Uống đủ nước trong ngày; tăng nước và điện giải khi tập nặng hoặc đổ mồ hôi nhiều.,Chia protein tương đối đều qua các bữa; ưu tiên bữa giàu protein sau tập trong 1-3 giờ.,"Số liệu dinh dưỡng mang tính xấp xỉ; cần chỉnh theo cân nặng, khẩu vị và bệnh lý cá nhân."
MP0090,Meal plan Tăng sức mạnh 2400 kcal - cân bằng,strength,Tăng sức mạnh,2400,balanced,cân bằng,intermediate,Trung cấp,3,125,67,324,Uống đủ nước trong ngày; tăng nước và điện giải khi tập nặng hoặc đổ mồ hôi nhiều.,Chia protein tương đối đều qua các bữa; ưu tiên bữa giàu protein sau tập trong 1-3 giờ.,"Số liệu dinh dưỡng mang tính xấp xỉ; cần chỉnh theo cân nặng, khẩu vị và bệnh lý cá nhân."
MP0091,Meal plan Tăng sức mạnh 2400 kcal - giàu protein,strength,Tăng sức mạnh,2400,high_protein,giàu protein,beginner,Mới bắt đầu,5,112,67,337,Uống đủ nước trong ngày; tăng nước và điện giải khi tập nặng hoặc đổ mồ hôi nhiều.,Chia protein tương đối đều qua các bữa; ưu tiên bữa giàu protein sau tập trong 1-3 giờ.,"Số liệu dinh dưỡng mang tính xấp xỉ; cần chỉnh theo cân nặng, khẩu vị và bệnh lý cá nhân."
MP0092,Meal plan Tăng sức mạnh 2400 kcal - giàu protein,strength,Tăng sức mạnh,2400,high_protein,giàu protein,intermediate,Trung cấp,5,125,67,324,Uống đủ nước trong ngày; tăng nước và điện giải khi tập nặng hoặc đổ mồ hôi nhiều.,Chia protein tương đối đều qua các bữa; ưu tiên bữa giàu protein sau tập trong 1-3 giờ.,"Số liệu dinh dưỡng mang tính xấp xỉ; cần chỉnh theo cân nặng, khẩu vị và bệnh lý cá nhân."
MP0093,Meal plan Tăng sức mạnh 2400 kcal - ăn chay có sữa/trứng,strength,Tăng sức mạnh,2400,vegetarian,ăn chay có sữa/trứng,beginner,Mới bắt đầu,4,112,67,337,Uống đủ nước trong ngày; tăng nước và điện giải khi tập nặng hoặc đổ mồ hôi nhiều.,Chia protein tương đối đều qua các bữa; ưu tiên bữa giàu protein sau tập trong 1-3 giờ.,"Số liệu dinh dưỡng mang tính xấp xỉ; cần chỉnh theo cân nặng, khẩu vị và bệnh lý cá nhân."
MP0094,Meal plan Tăng sức mạnh 2400 kcal - ăn chay có sữa/trứng,strength,Tăng sức mạnh,2400,vegetarian,ăn chay có sữa/trứng,intermediate,Trung cấp,5,125,67,324,Uống đủ nước trong ngày; tăng nước và điện giải khi tập nặng hoặc đổ mồ hôi nhiều.,Chia protein tương đối đều qua các bữa; ưu tiên bữa giàu protein sau tập trong 1-3 giờ.,"Số liệu dinh dưỡng mang tính xấp xỉ; cần chỉnh theo cân nặng, khẩu vị và bệnh lý cá nhân."
MP0095,Meal plan Tăng sức mạnh 2400 kcal - meal prep nhanh,strength,Tăng sức mạnh,2400,quick_prep,meal prep nhanh,beginner,Mới bắt đầu,3,112,67,337,Uống đủ nước trong ngày; tăng nước và điện giải khi tập nặng hoặc đổ mồ hôi nhiều.,Chia protein tương đối đều qua các bữa; ưu tiên bữa giàu protein sau tập trong 1-3 giờ.,"Số liệu dinh dưỡng mang tính xấp xỉ; cần chỉnh theo cân nặng, khẩu vị và bệnh lý cá nhân."
MP0096,Meal plan Tăng sức mạnh 2400 kcal - meal prep nhanh,strength,Tăng sức mạnh,2400,quick_prep,meal prep nhanh,intermediate,Trung cấp,5,125,67,324,Uống đủ nước trong ngày; tăng nước và điện giải khi tập nặng hoặc đổ mồ hôi nhiều.,Chia protein tương đối đều qua các bữa; ưu tiên bữa giàu protein sau tập trong 1-3 giờ.,"Số liệu dinh dưỡng mang tính xấp xỉ; cần chỉnh theo cân nặng, khẩu vị và bệnh lý cá nhân."
MP0097,Meal plan Tăng sức mạnh 2700 kcal - cân bằng,strength,Tăng sức mạnh,2700,balanced,cân bằng,beginner,Mới bắt đầu,5,112,75,394,Uống đủ nước trong ngày; tăng nước và điện giải khi tập nặng hoặc đổ mồ hôi nhiều.,Chia protein tương đối đều qua các bữa; ưu tiên bữa giàu protein sau tập trong 1-3 giờ.,"Số liệu dinh dưỡng mang tính xấp xỉ; cần chỉnh theo cân nặng, khẩu vị và bệnh lý cá nhân."
MP0098,Meal plan Tăng sức mạnh 2700 kcal - cân bằng,strength,Tăng sức mạnh,2700,balanced,cân bằng,intermediate,Trung cấp,5,125,75,381,Uống đủ nước trong ngày; tăng nước và điện giải khi tập nặng hoặc đổ mồ hôi nhiều.,Chia protein tương đối đều qua các bữa; ưu tiên bữa giàu protein sau tập trong 1-3 giờ.,"Số liệu dinh dưỡng mang tính xấp xỉ; cần chỉnh theo cân nặng, khẩu vị và bệnh lý cá nhân."
MP0099,Meal plan Tăng sức mạnh 2700 kcal - giàu protein,strength,Tăng sức mạnh,2700,high_protein,giàu protein,beginner,Mới bắt đầu,3,112,75,394,Uống đủ nước trong ngày; tăng nước và điện giải khi tập nặng hoặc đổ mồ hôi nhiều.,Chia protein tương đối đều qua các bữa; ưu tiên bữa giàu protein sau tập trong 1-3 giờ.,"Số liệu dinh dưỡng mang tính xấp xỉ; cần chỉnh theo cân nặng, khẩu vị và bệnh lý cá nhân."
MP0100,Meal plan Tăng sức mạnh 2700 kcal - giàu protein,strength,Tăng sức mạnh,2700,high_protein,giàu protein,intermediate,Trung cấp,4,125,75,381,Uống đủ nước trong ngày; tăng nước và điện giải khi tập nặng hoặc đổ mồ hôi nhiều.,Chia protein tương đối đều qua các bữa; ưu tiên bữa giàu protein sau tập trong 1-3 giờ.,"Số liệu dinh dưỡng mang tính xấp xỉ; cần chỉnh theo cân nặng, khẩu vị và bệnh lý cá nhân."
MP0101,Meal plan Tăng sức mạnh 2700 kcal - ăn chay có sữa/trứng,strength,Tăng sức mạnh,2700,vegetarian,ăn chay có sữa/trứng,beginner,Mới bắt đầu,3,112,75,394,Uống đủ nước trong ngày; tăng nước và điện giải khi tập nặng hoặc đổ mồ hôi nhiều.,Chia protein tương đối đều qua các bữa; ưu tiên bữa giàu protein sau tập trong 1-3 giờ.,"Số liệu dinh dưỡng mang tính xấp xỉ; cần chỉnh theo cân nặng, khẩu vị và bệnh lý cá nhân."
MP0102,Meal plan Tăng sức mạnh 2700 kcal - ăn chay có sữa/trứng,strength,Tăng sức mạnh,2700,vegetarian,ăn chay có sữa/trứng,intermediate,Trung cấp,4,125,75,381,Uống đủ nước trong ngày; tăng nước và điện giải khi tập nặng hoặc đổ mồ hôi nhiều.,Chia protein tương đối đều qua các bữa; ưu tiên bữa giàu protein sau tập trong 1-3 giờ.,"Số liệu dinh dưỡng mang tính xấp xỉ; cần chỉnh theo cân nặng, khẩu vị và bệnh lý cá nhân."
MP0103,Meal plan Tăng sức mạnh 2700 kcal - meal prep nhanh,strength,Tăng sức mạnh,2700,quick_prep,meal prep nhanh,beginner,Mới bắt đầu,5,112,75,394,Uống đủ nước trong ngày; tăng nước và điện giải khi tập nặng hoặc đổ mồ hôi nhiều.,Chia protein tương đối đều qua các bữa; ưu tiên bữa giàu protein sau tập trong 1-3 giờ.,"Số liệu dinh dưỡng mang tính xấp xỉ; cần chỉnh theo cân nặng, khẩu vị và bệnh lý cá nhân."
MP0104,Meal plan Tăng sức mạnh 2700 kcal - meal prep nhanh,strength,Tăng sức mạnh,2700,quick_prep,meal prep nhanh,intermediate,Trung cấp,4,125,75,381,Uống đủ nước trong ngày; tăng nước và điện giải khi tập nặng hoặc đổ mồ hôi nhiều.,Chia protein tương đối đều qua các bữa; ưu tiên bữa giàu protein sau tập trong 1-3 giờ.,"Số liệu dinh dưỡng mang tính xấp xỉ; cần chỉnh theo cân nặng, khẩu vị và bệnh lý cá nhân."
MP0105,Meal plan Tập tại nhà 2000 kcal - cân bằng,home_training,Tập tại nhà,2000,balanced,cân bằng,beginner,Mới bắt đầu,5,112,56,262,Uống đủ nước trong ngày; tăng nước và điện giải khi tập nặng hoặc đổ mồ hôi nhiều.,Chia protein tương đối đều qua các bữa; ưu tiên bữa giàu protein sau tập trong 1-3 giờ.,"Số liệu dinh dưỡng mang tính xấp xỉ; cần chỉnh theo cân nặng, khẩu vị và bệnh lý cá nhân."
MP0106,Meal plan Tập tại nhà 2000 kcal - cân bằng,home_training,Tập tại nhà,2000,balanced,cân bằng,intermediate,Trung cấp,5,125,56,249,Uống đủ nước trong ngày; tăng nước và điện giải khi tập nặng hoặc đổ mồ hôi nhiều.,Chia protein tương đối đều qua các bữa; ưu tiên bữa giàu protein sau tập trong 1-3 giờ.,"Số liệu dinh dưỡng mang tính xấp xỉ; cần chỉnh theo cân nặng, khẩu vị và bệnh lý cá nhân."
MP0107,Meal plan Tập tại nhà 2000 kcal - giàu protein,home_training,Tập tại nhà,2000,high_protein,giàu protein,beginner,Mới bắt đầu,5,112,56,262,Uống đủ nước trong ngày; tăng nước và điện giải khi tập nặng hoặc đổ mồ hôi nhiều.,Chia protein tương đối đều qua các bữa; ưu tiên bữa giàu protein sau tập trong 1-3 giờ.,"Số liệu dinh dưỡng mang tính xấp xỉ; cần chỉnh theo cân nặng, khẩu vị và bệnh lý cá nhân."
MP0108,Meal plan Tập tại nhà 2000 kcal - giàu protein,home_training,Tập tại nhà,2000,high_protein,giàu protein,intermediate,Trung cấp,5,125,56,249,Uống đủ nước trong ngày; tăng nước và điện giải khi tập nặng hoặc đổ mồ hôi nhiều.,Chia protein tương đối đều qua các bữa; ưu tiên bữa giàu protein sau tập trong 1-3 giờ.,"Số liệu dinh dưỡng mang tính xấp xỉ; cần chỉnh theo cân nặng, khẩu vị và bệnh lý cá nhân."
MP0109,Meal plan Tập tại nhà 2000 kcal - ăn chay có sữa/trứng,home_training,Tập tại nhà,2000,vegetarian,ăn chay có sữa/trứng,beginner,Mới bắt đầu,3,112,56,262,Uống đủ nước trong ngày; tăng nước và điện giải khi tập nặng hoặc đổ mồ hôi nhiều.,Chia protein tương đối đều qua các bữa; ưu tiên bữa giàu protein sau tập trong 1-3 giờ.,"Số liệu dinh dưỡng mang tính xấp xỉ; cần chỉnh theo cân nặng, khẩu vị và bệnh lý cá nhân."
MP0110,Meal plan Tập tại nhà 2000 kcal - ăn chay có sữa/trứng,home_training,Tập tại nhà,2000,vegetarian,ăn chay có sữa/trứng,intermediate,Trung cấp,4,125,56,249,Uống đủ nước trong ngày; tăng nước và điện giải khi tập nặng hoặc đổ mồ hôi nhiều.,Chia protein tương đối đều qua các bữa; ưu tiên bữa giàu protein sau tập trong 1-3 giờ.,"Số liệu dinh dưỡng mang tính xấp xỉ; cần chỉnh theo cân nặng, khẩu vị và bệnh lý cá nhân."
MP0111,Meal plan Tập tại nhà 2000 kcal - meal prep nhanh,home_training,Tập tại nhà,2000,quick_prep,meal prep nhanh,beginner,Mới bắt đầu,3,112,56,262,Uống đủ nước trong ngày; tăng nước và điện giải khi tập nặng hoặc đổ mồ hôi nhiều.,Chia protein tương đối đều qua các bữa; ưu tiên bữa giàu protein sau tập trong 1-3 giờ.,"Số liệu dinh dưỡng mang tính xấp xỉ; cần chỉnh theo cân nặng, khẩu vị và bệnh lý cá nhân."
MP0112,Meal plan Tập tại nhà 2000 kcal - meal prep nhanh,home_training,Tập tại nhà,2000,quick_prep,meal prep nhanh,intermediate,Trung cấp,3,125,56,249,Uống đủ nước trong ngày; tăng nước và điện giải khi tập nặng hoặc đổ mồ hôi nhiều.,Chia protein tương đối đều qua các bữa; ưu tiên bữa giàu protein sau tập trong 1-3 giờ.,"Số liệu dinh dưỡng mang tính xấp xỉ; cần chỉnh theo cân nặng, khẩu vị và bệnh lý cá nhân."
MP0113,Meal plan Ưu tiên mông 2400 kcal - cân bằng,glute_focus,Ưu tiên mông,2400,balanced,cân bằng,beginner,Mới bắt đầu,4,140,67,309,Uống đủ nước trong ngày; tăng nước và điện giải khi tập nặng hoặc đổ mồ hôi nhiều.,Chia protein tương đối đều qua các bữa; ưu tiên bữa giàu protein sau tập trong 1-3 giờ.,"Số liệu dinh dưỡng mang tính xấp xỉ; cần chỉnh theo cân nặng, khẩu vị và bệnh lý cá nhân."
MP0114,Meal plan Ưu tiên mông 2400 kcal - cân bằng,glute_focus,Ưu tiên mông,2400,balanced,cân bằng,intermediate,Trung cấp,4,156,67,293,Uống đủ nước trong ngày; tăng nước và điện giải khi tập nặng hoặc đổ mồ hôi nhiều.,Chia protein tương đối đều qua các bữa; ưu tiên bữa giàu protein sau tập trong 1-3 giờ.,"Số liệu dinh dưỡng mang tính xấp xỉ; cần chỉnh theo cân nặng, khẩu vị và bệnh lý cá nhân."
MP0115,Meal plan Ưu tiên mông 2400 kcal - giàu protein,glute_focus,Ưu tiên mông,2400,high_protein,giàu protein,beginner,Mới bắt đầu,4,140,67,309,Uống đủ nước trong ngày; tăng nước và điện giải khi tập nặng hoặc đổ mồ hôi nhiều.,Chia protein tương đối đều qua các bữa; ưu tiên bữa giàu protein sau tập trong 1-3 giờ.,"Số liệu dinh dưỡng mang tính xấp xỉ; cần chỉnh theo cân nặng, khẩu vị và bệnh lý cá nhân."
MP0116,Meal plan Ưu tiên mông 2400 kcal - giàu protein,glute_focus,Ưu tiên mông,2400,high_protein,giàu protein,intermediate,Trung cấp,3,156,67,293,Uống đủ nước trong ngày; tăng nước và điện giải khi tập nặng hoặc đổ mồ hôi nhiều.,Chia protein tương đối đều qua các bữa; ưu tiên bữa giàu protein sau tập trong 1-3 giờ.,"Số liệu dinh dưỡng mang tính xấp xỉ; cần chỉnh theo cân nặng, khẩu vị và bệnh lý cá nhân."
MP0117,Meal plan Ưu tiên mông 2400 kcal - ăn chay có sữa/trứng,glute_focus,Ưu tiên mông,2400,vegetarian,ăn chay có sữa/trứng,beginner,Mới bắt đầu,3,140,67,309,Uống đủ nước trong ngày; tăng nước và điện giải khi tập nặng hoặc đổ mồ hôi nhiều.,Chia protein tương đối đều qua các bữa; ưu tiên bữa giàu protein sau tập trong 1-3 giờ.,"Số liệu dinh dưỡng mang tính xấp xỉ; cần chỉnh theo cân nặng, khẩu vị và bệnh lý cá nhân."
MP0118,Meal plan Ưu tiên mông 2400 kcal - ăn chay có sữa/trứng,glute_focus,Ưu tiên mông,2400,vegetarian,ăn chay có sữa/trứng,intermediate,Trung cấp,5,156,67,293,Uống đủ nước trong ngày; tăng nước và điện giải khi tập nặng hoặc đổ mồ hôi nhiều.,Chia protein tương đối đều qua các bữa; ưu tiên bữa giàu protein sau tập trong 1-3 giờ.,"Số liệu dinh dưỡng mang tính xấp xỉ; cần chỉnh theo cân nặng, khẩu vị và bệnh lý cá nhân."
MP0119,Meal plan Ưu tiên mông 2400 kcal - meal prep nhanh,glute_focus,Ưu tiên mông,2400,quick_prep,meal prep nhanh,beginner,Mới bắt đầu,3,140,67,309,Uống đủ nước trong ngày; tăng nước và điện giải khi tập nặng hoặc đổ mồ hôi nhiều.,Chia protein tương đối đều qua các bữa; ưu tiên bữa giàu protein sau tập trong 1-3 giờ.,"Số liệu dinh dưỡng mang tính xấp xỉ; cần chỉnh theo cân nặng, khẩu vị và bệnh lý cá nhân."
MP0120,Meal plan Ưu tiên mông 2400 kcal - meal prep nhanh,glute_focus,Ưu tiên mông,2400,quick_prep,meal prep nhanh,intermediate,Trung cấp,4,156,67,293,Uống đủ nước trong ngày; tăng nước và điện giải khi tập nặng hoặc đổ mồ hôi nhiều.,Chia protein tương đối đều qua các bữa; ưu tiên bữa giàu protein sau tập trong 1-3 giờ.,"Số liệu dinh dưỡng mang tính xấp xỉ; cần chỉnh theo cân nặng, khẩu vị và bệnh lý cá nhân."
