example_id,intent_key,user_query_vi,response_style,expected_sections,must_use_terms_en,sample_plan_compact,notes_vi
EXM001,workout_plan_request,Tôi muốn tăng cơ với lịch 3 buổi/tuần,table_like,Mục tiêu;Workout plan;Cardio;Ghi chú cá nhân hóa,"Bench Press, sets, reps, rest, volume",Thứ 2|Full Body|Squat|4|6-8|90 giây; Thứ 4|Full Body|Bench Press|4|6-8|90 giây; Thứ 6|Full Body|Romanian Deadlift|4|8-10|90 giây,Split đề xuất: full_body. Nếu thiếu profile thì ghi rõ đây là plan mẫu.
EXM002,workout_plan_request,Tôi muốn tăng cơ với lịch 5 buổi/tuần,table_like,Mục tiêu;Workout plan;Cardio;Ghi chú cá nhân hóa,"Bench Press, sets, reps, rest, volume",Thứ 2|Push|Bench Press|4|6-8|90 giây; Thứ 3|Pull|Lat Pulldown|4|8-10|75 giây; Thứ 4|Legs|Squat|4|6-8|90 giây; Thứ 6|Upper|Incline Dumbbell Press|4|8-10|75 giây; Thứ 7|Lower|Romanian Deadlift|4|8-10|90 giây,Split đề xuất: push_pull_legs_upper_lower. Nếu thiếu profile thì ghi rõ đây là plan mẫu.
EXM003,workout_plan_request,"Tôi tập 4 ngày một tuần, mục tiêu giảm cân",table_like,Mục tiêu;Workout plan;Cardio;Ghi chú cá nhân hóa,"Bench Press, sets, reps, rest, volume",Thứ 2|Upper|Bench Press|4|6-8|90 giây; Thứ 3|Lower|Squat|4|6-8|90 giây; Thứ 5|Upper|Lat Pulldown|4|8-10|75 giây; Thứ 6|Lower|Leg Press|4|10-12|75 giây,Split đề xuất: upper_lower. Nếu thiếu profile thì ghi rõ đây là plan mẫu.
EXM004,workout_plan_request,"Tôi tập 3 ngày một tuần, mục tiêu giảm cân",table_like,Mục tiêu;Workout plan;Cardio;Ghi chú cá nhân hóa,"Bench Press, sets, reps, rest, volume",Thứ 2|Full Body|Squat|4|6-8|90 giây; Thứ 4|Full Body|Bench Press|4|6-8|90 giây; Thứ 6|Full Body|Romanian Deadlift|4|8-10|90 giây,Split đề xuất: full_body. Nếu thiếu profile thì ghi rõ đây là plan mẫu.
EXM005,workout_plan_request,"Tôi muốn vừa giảm mỡ vừa giữ cơ, tập 3 buổi/tuần",table_like,Mục tiêu;Workout plan;Cardio;Ghi chú cá nhân hóa,"Bench Press, sets, reps, rest, volume",Thứ 2|Full Body|Squat|4|6-8|90 giây; Thứ 4|Full Body|Bench Press|4|6-8|90 giây; Thứ 6|Full Body|Romanian Deadlift|4|8-10|90 giây,Split đề xuất: full_body. Nếu thiếu profile thì ghi rõ đây là plan mẫu.
EXM006,workout_plan_request,Tôi muốn giảm mỡ và tập 4 buổi/tuần,table_like,Mục tiêu;Workout plan;Cardio;Ghi chú cá nhân hóa,"Bench Press, sets, reps, rest, volume",Thứ 2|Upper|Bench Press|4|6-8|90 giây; Thứ 3|Lower|Squat|4|6-8|90 giây; Thứ 5|Upper|Lat Pulldown|4|8-10|75 giây; Thứ 6|Lower|Leg Press|4|10-12|75 giây,Split đề xuất: upper_lower. Nếu thiếu profile thì ghi rõ đây là plan mẫu.
EXM007,workout_plan_request,Tập 3 buổi để tăng cơ,table_like,Mục tiêu;Workout plan;Cardio;Ghi chú cá nhân hóa,"Bench Press, sets, reps, rest, volume",Thứ 2|Full Body|Squat|4|6-8|90 giây; Thứ 4|Full Body|Bench Press|4|6-8|90 giây; Thứ 6|Full Body|Romanian Deadlift|4|8-10|90 giây,Split đề xuất: full_body. Nếu thiếu profile thì ghi rõ đây là plan mẫu.
EXM008,workout_plan_request,Tôi muốn giảm mỡ và tập 6 buổi/tuần,table_like,Mục tiêu;Workout plan;Cardio;Ghi chú cá nhân hóa,"Bench Press, sets, reps, rest, volume",Thứ 2|Push|Bench Press|4|6-8|90 giây; Thứ 3|Pull|Barbell Row|4|8-10|75 giây; Thứ 4|Legs|Squat|4|6-8|90 giây; Thứ 5|Push|Overhead Press|4|6-8|90 giây; Thứ 6|Pull|Seated Cable Row|4|8-10|75 giây; Thứ 7|Legs|Romanian Deadlift|4|8-10|90 giây,Split đề xuất: push_pull_legs_x2. Nếu thiếu profile thì ghi rõ đây là plan mẫu.
EXM009,workout_plan_request,"Tôi muốn vừa giảm mỡ vừa giữ cơ, tập 5 buổi/tuần",table_like,Mục tiêu;Workout plan;Cardio;Ghi chú cá nhân hóa,"Bench Press, sets, reps, rest, volume",Thứ 2|Push|Bench Press|4|6-8|90 giây; Thứ 3|Pull|Lat Pulldown|4|8-10|75 giây; Thứ 4|Legs|Squat|4|6-8|90 giây; Thứ 6|Upper|Incline Dumbbell Press|4|8-10|75 giây; Thứ 7|Lower|Romanian Deadlift|4|8-10|90 giây,Split đề xuất: push_pull_legs_upper_lower. Nếu thiếu profile thì ghi rõ đây là plan mẫu.
EXM010,workout_plan_request,Cho tôi lịch tập 6 buổi để giảm mỡ,table_like,Mục tiêu;Workout plan;Cardio;Ghi chú cá nhân hóa,"Bench Press, sets, reps, rest, volume",Thứ 2|Push|Bench Press|4|6-8|90 giây; Thứ 3|Pull|Barbell Row|4|8-10|75 giây; Thứ 4|Legs|Squat|4|6-8|90 giây; Thứ 5|Push|Overhead Press|4|6-8|90 giây; Thứ 6|Pull|Seated Cable Row|4|8-10|75 giây; Thứ 7|Legs|Romanian Deadlift|4|8-10|90 giây,Split đề xuất: push_pull_legs_x2. Nếu thiếu profile thì ghi rõ đây là plan mẫu.
EXM011,workout_plan_request,"Tôi muốn vừa giảm mỡ vừa giữ cơ, tập 4 buổi/tuần",table_like,Mục tiêu;Workout plan;Cardio;Ghi chú cá nhân hóa,"Bench Press, sets, reps, rest, volume",Thứ 2|Upper|Bench Press|4|6-8|90 giây; Thứ 3|Lower|Squat|4|6-8|90 giây; Thứ 5|Upper|Lat Pulldown|4|8-10|75 giây; Thứ 6|Lower|Leg Press|4|10-12|75 giây,Split đề xuất: upper_lower. Nếu thiếu profile thì ghi rõ đây là plan mẫu.
EXM012,workout_plan_request,"Tôi muốn vừa giảm mỡ vừa giữ cơ, tập 3 buổi/tuần",table_like,Mục tiêu;Workout plan;Cardio;Ghi chú cá nhân hóa,"Bench Press, sets, reps, rest, volume",Thứ 2|Full Body|Squat|4|6-8|90 giây; Thứ 4|Full Body|Bench Press|4|6-8|90 giây; Thứ 6|Full Body|Romanian Deadlift|4|8-10|90 giây,Split đề xuất: full_body. Nếu thiếu profile thì ghi rõ đây là plan mẫu.
EXM013,workout_plan_request,Cho tôi plan recomp 3 buổi,table_like,Mục tiêu;Workout plan;Cardio;Ghi chú cá nhân hóa,"Bench Press, sets, reps, rest, volume",Thứ 2|Full Body|Squat|4|6-8|90 giây; Thứ 4|Full Body|Bench Press|4|6-8|90 giây; Thứ 6|Full Body|Romanian Deadlift|4|8-10|90 giây,Split đề xuất: full_body. Nếu thiếu profile thì ghi rõ đây là plan mẫu.
EXM014,workout_plan_request,"Tôi muốn vừa giảm mỡ vừa giữ cơ, tập 5 buổi/tuần",table_like,Mục tiêu;Workout plan;Cardio;Ghi chú cá nhân hóa,"Bench Press, sets, reps, rest, volume",Thứ 2|Push|Bench Press|4|6-8|90 giây; Thứ 3|Pull|Lat Pulldown|4|8-10|75 giây; Thứ 4|Legs|Squat|4|6-8|90 giây; Thứ 6|Upper|Incline Dumbbell Press|4|8-10|75 giây; Thứ 7|Lower|Romanian Deadlift|4|8-10|90 giây,Split đề xuất: push_pull_legs_upper_lower. Nếu thiếu profile thì ghi rõ đây là plan mẫu.
EXM015,workout_plan_request,Tập 6 buổi để tăng cơ,table_like,Mục tiêu;Workout plan;Cardio;Ghi chú cá nhân hóa,"Bench Press, sets, reps, rest, volume",Thứ 2|Push|Bench Press|4|6-8|90 giây; Thứ 3|Pull|Barbell Row|4|8-10|75 giây; Thứ 4|Legs|Squat|4|6-8|90 giây; Thứ 5|Push|Overhead Press|4|6-8|90 giây; Thứ 6|Pull|Seated Cable Row|4|8-10|75 giây; Thứ 7|Legs|Romanian Deadlift|4|8-10|90 giây,Split đề xuất: push_pull_legs_x2. Nếu thiếu profile thì ghi rõ đây là plan mẫu.
EXM016,workout_plan_request,Tôi muốn giảm mỡ và tập 6 buổi/tuần,table_like,Mục tiêu;Workout plan;Cardio;Ghi chú cá nhân hóa,"Bench Press, sets, reps, rest, volume",Thứ 2|Push|Bench Press|4|6-8|90 giây; Thứ 3|Pull|Barbell Row|4|8-10|75 giây; Thứ 4|Legs|Squat|4|6-8|90 giây; Thứ 5|Push|Overhead Press|4|6-8|90 giây; Thứ 6|Pull|Seated Cable Row|4|8-10|75 giây; Thứ 7|Legs|Romanian Deadlift|4|8-10|90 giây,Split đề xuất: push_pull_legs_x2. Nếu thiếu profile thì ghi rõ đây là plan mẫu.
EXM017,workout_plan_request,Tập 5 buổi để tăng cơ,table_like,Mục tiêu;Workout plan;Cardio;Ghi chú cá nhân hóa,"Bench Press, sets, reps, rest, volume",Thứ 2|Push|Bench Press|4|6-8|90 giây; Thứ 3|Pull|Lat Pulldown|4|8-10|75 giây; Thứ 4|Legs|Squat|4|6-8|90 giây; Thứ 6|Upper|Incline Dumbbell Press|4|8-10|75 giây; Thứ 7|Lower|Romanian Deadlift|4|8-10|90 giây,Split đề xuất: push_pull_legs_upper_lower. Nếu thiếu profile thì ghi rõ đây là plan mẫu.
EXM018,workout_plan_request,Tập 5 buổi để tăng cơ,table_like,Mục tiêu;Workout plan;Cardio;Ghi chú cá nhân hóa,"Bench Press, sets, reps, rest, volume",Thứ 2|Push|Bench Press|4|6-8|90 giây; Thứ 3|Pull|Lat Pulldown|4|8-10|75 giây; Thứ 4|Legs|Squat|4|6-8|90 giây; Thứ 6|Upper|Incline Dumbbell Press|4|8-10|75 giây; Thứ 7|Lower|Romanian Deadlift|4|8-10|90 giây,Split đề xuất: push_pull_legs_upper_lower. Nếu thiếu profile thì ghi rõ đây là plan mẫu.
EXM019,workout_plan_request,Tôi muốn giảm mỡ và tập 3 buổi/tuần,table_like,Mục tiêu;Workout plan;Cardio;Ghi chú cá nhân hóa,"Bench Press, sets, reps, rest, volume",Thứ 2|Full Body|Squat|4|6-8|90 giây; Thứ 4|Full Body|Bench Press|4|6-8|90 giây; Thứ 6|Full Body|Romanian Deadlift|4|8-10|90 giây,Split đề xuất: full_body. Nếu thiếu profile thì ghi rõ đây là plan mẫu.
EXM020,workout_plan_request,Cho tôi plan hypertrophy 4 buổi,table_like,Mục tiêu;Workout plan;Cardio;Ghi chú cá nhân hóa,"Bench Press, sets, reps, rest, volume",Thứ 2|Upper|Bench Press|4|6-8|90 giây; Thứ 3|Lower|Squat|4|6-8|90 giây; Thứ 5|Upper|Lat Pulldown|4|8-10|75 giây; Thứ 6|Lower|Leg Press|4|10-12|75 giây,Split đề xuất: upper_lower. Nếu thiếu profile thì ghi rõ đây là plan mẫu.
EXM021,workout_plan_request,Tôi muốn giảm mỡ và tập 4 buổi/tuần,table_like,Mục tiêu;Workout plan;Cardio;Ghi chú cá nhân hóa,"Bench Press, sets, reps, rest, volume",Thứ 2|Upper|Bench Press|4|6-8|90 giây; Thứ 3|Lower|Squat|4|6-8|90 giây; Thứ 5|Upper|Lat Pulldown|4|8-10|75 giây; Thứ 6|Lower|Leg Press|4|10-12|75 giây,Split đề xuất: upper_lower. Nếu thiếu profile thì ghi rõ đây là plan mẫu.
EXM022,workout_plan_request,Cho tôi plan recomp 5 buổi,table_like,Mục tiêu;Workout plan;Cardio;Ghi chú cá nhân hóa,"Bench Press, sets, reps, rest, volume",Thứ 2|Push|Bench Press|4|6-8|90 giây; Thứ 3|Pull|Lat Pulldown|4|8-10|75 giây; Thứ 4|Legs|Squat|4|6-8|90 giây; Thứ 6|Upper|Incline Dumbbell Press|4|8-10|75 giây; Thứ 7|Lower|Romanian Deadlift|4|8-10|90 giây,Split đề xuất: push_pull_legs_upper_lower. Nếu thiếu profile thì ghi rõ đây là plan mẫu.
EXM023,workout_plan_request,Tôi muốn tăng cơ với lịch 5 buổi/tuần,table_like,Mục tiêu;Workout plan;Cardio;Ghi chú cá nhân hóa,"Bench Press, sets, reps, rest, volume",Thứ 2|Push|Bench Press|4|6-8|90 giây; Thứ 3|Pull|Lat Pulldown|4|8-10|75 giây; Thứ 4|Legs|Squat|4|6-8|90 giây; Thứ 6|Upper|Incline Dumbbell Press|4|8-10|75 giây; Thứ 7|Lower|Romanian Deadlift|4|8-10|90 giây,Split đề xuất: push_pull_legs_upper_lower. Nếu thiếu profile thì ghi rõ đây là plan mẫu.
EXM024,workout_plan_request,"Tôi muốn vừa giảm mỡ vừa giữ cơ, tập 5 buổi/tuần",table_like,Mục tiêu;Workout plan;Cardio;Ghi chú cá nhân hóa,"Bench Press, sets, reps, rest, volume",Thứ 2|Push|Bench Press|4|6-8|90 giây; Thứ 3|Pull|Lat Pulldown|4|8-10|75 giây; Thứ 4|Legs|Squat|4|6-8|90 giây; Thứ 6|Upper|Incline Dumbbell Press|4|8-10|75 giây; Thứ 7|Lower|Romanian Deadlift|4|8-10|90 giây,Split đề xuất: push_pull_legs_upper_lower. Nếu thiếu profile thì ghi rõ đây là plan mẫu.
EXM025,workout_plan_request,Tập 5 buổi để tăng cơ,table_like,Mục tiêu;Workout plan;Cardio;Ghi chú cá nhân hóa,"Bench Press, sets, reps, rest, volume",Thứ 2|Push|Bench Press|4|6-8|90 giây; Thứ 3|Pull|Lat Pulldown|4|8-10|75 giây; Thứ 4|Legs|Squat|4|6-8|90 giây; Thứ 6|Upper|Incline Dumbbell Press|4|8-10|75 giây; Thứ 7|Lower|Romanian Deadlift|4|8-10|90 giây,Split đề xuất: push_pull_legs_upper_lower. Nếu thiếu profile thì ghi rõ đây là plan mẫu.
EXM026,workout_plan_request,Tập 3 buổi để tăng cơ,table_like,Mục tiêu;Workout plan;Cardio;Ghi chú cá nhân hóa,"Bench Press, sets, reps, rest, volume",Thứ 2|Full Body|Squat|4|6-8|90 giây; Thứ 4|Full Body|Bench Press|4|6-8|90 giây; Thứ 6|Full Body|Romanian Deadlift|4|8-10|90 giây,Split đề xuất: full_body. Nếu thiếu profile thì ghi rõ đây là plan mẫu.
EXM027,workout_plan_request,Tập 4 buổi để tăng cơ,table_like,Mục tiêu;Workout plan;Cardio;Ghi chú cá nhân hóa,"Bench Press, sets, reps, rest, volume",Thứ 2|Upper|Bench Press|4|6-8|90 giây; Thứ 3|Lower|Squat|4|6-8|90 giây; Thứ 5|Upper|Lat Pulldown|4|8-10|75 giây; Thứ 6|Lower|Leg Press|4|10-12|75 giây,Split đề xuất: upper_lower. Nếu thiếu profile thì ghi rõ đây là plan mẫu.
EXM028,workout_plan_request,Tôi muốn tăng cơ với lịch 4 buổi/tuần,table_like,Mục tiêu;Workout plan;Cardio;Ghi chú cá nhân hóa,"Bench Press, sets, reps, rest, volume",Thứ 2|Upper|Bench Press|4|6-8|90 giây; Thứ 3|Lower|Squat|4|6-8|90 giây; Thứ 5|Upper|Lat Pulldown|4|8-10|75 giây; Thứ 6|Lower|Leg Press|4|10-12|75 giây,Split đề xuất: upper_lower. Nếu thiếu profile thì ghi rõ đây là plan mẫu.
EXM029,workout_plan_request,Cho tôi plan recomp 6 buổi,table_like,Mục tiêu;Workout plan;Cardio;Ghi chú cá nhân hóa,"Bench Press, sets, reps, rest, volume",Thứ 2|Push|Bench Press|4|6-8|90 giây; Thứ 3|Pull|Barbell Row|4|8-10|75 giây; Thứ 4|Legs|Squat|4|6-8|90 giây; Thứ 5|Push|Overhead Press|4|6-8|90 giây; Thứ 6|Pull|Seated Cable Row|4|8-10|75 giây; Thứ 7|Legs|Romanian Deadlift|4|8-10|90 giây,Split đề xuất: push_pull_legs_x2. Nếu thiếu profile thì ghi rõ đây là plan mẫu.
EXM030,workout_plan_request,Tập 4 buổi để tăng cơ,table_like,Mục tiêu;Workout plan;Cardio;Ghi chú cá nhân hóa,"Bench Press, sets, reps, rest, volume",Thứ 2|Upper|Bench Press|4|6-8|90 giây; Thứ 3|Lower|Squat|4|6-8|90 giây; Thứ 5|Upper|Lat Pulldown|4|8-10|75 giây; Thứ 6|Lower|Leg Press|4|10-12|75 giây,Split đề xuất: upper_lower. Nếu thiếu profile thì ghi rõ đây là plan mẫu.
EXM031,workout_plan_request,"Tôi muốn vừa giảm mỡ vừa giữ cơ, tập 3 buổi/tuần",table_like,Mục tiêu;Workout plan;Cardio;Ghi chú cá nhân hóa,"Bench Press, sets, reps, rest, volume",Thứ 2|Full Body|Squat|4|6-8|90 giây; Thứ 4|Full Body|Bench Press|4|6-8|90 giây; Thứ 6|Full Body|Romanian Deadlift|4|8-10|90 giây,Split đề xuất: full_body. Nếu thiếu profile thì ghi rõ đây là plan mẫu.
EXM032,workout_plan_request,Cho tôi lịch tập 5 buổi để giảm mỡ,table_like,Mục tiêu;Workout plan;Cardio;Ghi chú cá nhân hóa,"Bench Press, sets, reps, rest, volume",Thứ 2|Push|Bench Press|4|6-8|90 giây; Thứ 3|Pull|Lat Pulldown|4|8-10|75 giây; Thứ 4|Legs|Squat|4|6-8|90 giây; Thứ 6|Upper|Incline Dumbbell Press|4|8-10|75 giây; Thứ 7|Lower|Romanian Deadlift|4|8-10|90 giây,Split đề xuất: push_pull_legs_upper_lower. Nếu thiếu profile thì ghi rõ đây là plan mẫu.
EXM033,workout_plan_request,"Tôi muốn vừa giảm mỡ vừa giữ cơ, tập 3 buổi/tuần",table_like,Mục tiêu;Workout plan;Cardio;Ghi chú cá nhân hóa,"Bench Press, sets, reps, rest, volume",Thứ 2|Full Body|Squat|4|6-8|90 giây; Thứ 4|Full Body|Bench Press|4|6-8|90 giây; Thứ 6|Full Body|Romanian Deadlift|4|8-10|90 giây,Split đề xuất: full_body. Nếu thiếu profile thì ghi rõ đây là plan mẫu.
EXM034,workout_plan_request,Tôi muốn tăng cơ với lịch 5 buổi/tuần,table_like,Mục tiêu;Workout plan;Cardio;Ghi chú cá nhân hóa,"Bench Press, sets, reps, rest, volume",Thứ 2|Push|Bench Press|4|6-8|90 giây; Thứ 3|Pull|Lat Pulldown|4|8-10|75 giây; Thứ 4|Legs|Squat|4|6-8|90 giây; Thứ 6|Upper|Incline Dumbbell Press|4|8-10|75 giây; Thứ 7|Lower|Romanian Deadlift|4|8-10|90 giây,Split đề xuất: push_pull_legs_upper_lower. Nếu thiếu profile thì ghi rõ đây là plan mẫu.
EXM035,workout_plan_request,Cho tôi plan hypertrophy 6 buổi,table_like,Mục tiêu;Workout plan;Cardio;Ghi chú cá nhân hóa,"Bench Press, sets, reps, rest, volume",Thứ 2|Push|Bench Press|4|6-8|90 giây; Thứ 3|Pull|Barbell Row|4|8-10|75 giây; Thứ 4|Legs|Squat|4|6-8|90 giây; Thứ 5|Push|Overhead Press|4|6-8|90 giây; Thứ 6|Pull|Seated Cable Row|4|8-10|75 giây; Thứ 7|Legs|Romanian Deadlift|4|8-10|90 giây,Split đề xuất: push_pull_legs_x2. Nếu thiếu profile thì ghi rõ đây là plan mẫu.
EXM036,workout_plan_request,Tôi muốn tăng cơ với lịch 6 buổi/tuần,table_like,Mục tiêu;Workout plan;Cardio;Ghi chú cá nhân hóa,"Bench Press, sets, reps, rest, volume",Thứ 2|Push|Bench Press|4|6-8|90 giây; Thứ 3|Pull|Barbell Row|4|8-10|75 giây; Thứ 4|Legs|Squat|4|6-8|90 giây; Thứ 5|Push|Overhead Press|4|6-8|90 giây; Thứ 6|Pull|Seated Cable Row|4|8-10|75 giây; Thứ 7|Legs|Romanian Deadlift|4|8-10|90 giây,Split đề xuất: push_pull_legs_x2. Nếu thiếu profile thì ghi rõ đây là plan mẫu.
EXM037,workout_plan_request,"Tôi muốn vừa giảm mỡ vừa giữ cơ, tập 4 buổi/tuần",table_like,Mục tiêu;Workout plan;Cardio;Ghi chú cá nhân hóa,"Bench Press, sets, reps, rest, volume",Thứ 2|Upper|Bench Press|4|6-8|90 giây; Thứ 3|Lower|Squat|4|6-8|90 giây; Thứ 5|Upper|Lat Pulldown|4|8-10|75 giây; Thứ 6|Lower|Leg Press|4|10-12|75 giây,Split đề xuất: upper_lower. Nếu thiếu profile thì ghi rõ đây là plan mẫu.
EXM038,workout_plan_request,Tập 5 buổi để tăng cơ,table_like,Mục tiêu;Workout plan;Cardio;Ghi chú cá nhân hóa,"Bench Press, sets, reps, rest, volume",Thứ 2|Push|Bench Press|4|6-8|90 giây; Thứ 3|Pull|Lat Pulldown|4|8-10|75 giây; Thứ 4|Legs|Squat|4|6-8|90 giây; Thứ 6|Upper|Incline Dumbbell Press|4|8-10|75 giây; Thứ 7|Lower|Romanian Deadlift|4|8-10|90 giây,Split đề xuất: push_pull_legs_upper_lower. Nếu thiếu profile thì ghi rõ đây là plan mẫu.
EXM039,workout_plan_request,Tập 6 buổi để tăng cơ,table_like,Mục tiêu;Workout plan;Cardio;Ghi chú cá nhân hóa,"Bench Press, sets, reps, rest, volume",Thứ 2|Push|Bench Press|4|6-8|90 giây; Thứ 3|Pull|Barbell Row|4|8-10|75 giây; Thứ 4|Legs|Squat|4|6-8|90 giây; Thứ 5|Push|Overhead Press|4|6-8|90 giây; Thứ 6|Pull|Seated Cable Row|4|8-10|75 giây; Thứ 7|Legs|Romanian Deadlift|4|8-10|90 giây,Split đề xuất: push_pull_legs_x2. Nếu thiếu profile thì ghi rõ đây là plan mẫu.
EXM040,workout_plan_request,"Tôi muốn vừa giảm mỡ vừa giữ cơ, tập 5 buổi/tuần",table_like,Mục tiêu;Workout plan;Cardio;Ghi chú cá nhân hóa,"Bench Press, sets, reps, rest, volume",Thứ 2|Push|Bench Press|4|6-8|90 giây; Thứ 3|Pull|Lat Pulldown|4|8-10|75 giây; Thứ 4|Legs|Squat|4|6-8|90 giây; Thứ 6|Upper|Incline Dumbbell Press|4|8-10|75 giây; Thứ 7|Lower|Romanian Deadlift|4|8-10|90 giây,Split đề xuất: push_pull_legs_upper_lower. Nếu thiếu profile thì ghi rõ đây là plan mẫu.
EXM041,workout_plan_request,Tôi muốn giảm mỡ và tập 6 buổi/tuần,table_like,Mục tiêu;Workout plan;Cardio;Ghi chú cá nhân hóa,"Bench Press, sets, reps, rest, volume",Thứ 2|Push|Bench Press|4|6-8|90 giây; Thứ 3|Pull|Barbell Row|4|8-10|75 giây; Thứ 4|Legs|Squat|4|6-8|90 giây; Thứ 5|Push|Overhead Press|4|6-8|90 giây; Thứ 6|Pull|Seated Cable Row|4|8-10|75 giây; Thứ 7|Legs|Romanian Deadlift|4|8-10|90 giây,Split đề xuất: push_pull_legs_x2. Nếu thiếu profile thì ghi rõ đây là plan mẫu.
EXM042,workout_plan_request,Tôi muốn giảm mỡ và tập 3 buổi/tuần,table_like,Mục tiêu;Workout plan;Cardio;Ghi chú cá nhân hóa,"Bench Press, sets, reps, rest, volume",Thứ 2|Full Body|Squat|4|6-8|90 giây; Thứ 4|Full Body|Bench Press|4|6-8|90 giây; Thứ 6|Full Body|Romanian Deadlift|4|8-10|90 giây,Split đề xuất: full_body. Nếu thiếu profile thì ghi rõ đây là plan mẫu.
EXM043,workout_plan_request,Tập 4 buổi để tăng cơ,table_like,Mục tiêu;Workout plan;Cardio;Ghi chú cá nhân hóa,"Bench Press, sets, reps, rest, volume",Thứ 2|Upper|Bench Press|4|6-8|90 giây; Thứ 3|Lower|Squat|4|6-8|90 giây; Thứ 5|Upper|Lat Pulldown|4|8-10|75 giây; Thứ 6|Lower|Leg Press|4|10-12|75 giây,Split đề xuất: upper_lower. Nếu thiếu profile thì ghi rõ đây là plan mẫu.
EXM044,workout_plan_request,Cho tôi plan recomp 3 buổi,table_like,Mục tiêu;Workout plan;Cardio;Ghi chú cá nhân hóa,"Bench Press, sets, reps, rest, volume",Thứ 2|Full Body|Squat|4|6-8|90 giây; Thứ 4|Full Body|Bench Press|4|6-8|90 giây; Thứ 6|Full Body|Romanian Deadlift|4|8-10|90 giây,Split đề xuất: full_body. Nếu thiếu profile thì ghi rõ đây là plan mẫu.
EXM045,workout_plan_request,Tập 6 buổi/tuần để recomposition như nào,table_like,Mục tiêu;Workout plan;Cardio;Ghi chú cá nhân hóa,"Bench Press, sets, reps, rest, volume",Thứ 2|Push|Bench Press|4|6-8|90 giây; Thứ 3|Pull|Barbell Row|4|8-10|75 giây; Thứ 4|Legs|Squat|4|6-8|90 giây; Thứ 5|Push|Overhead Press|4|6-8|90 giây; Thứ 6|Pull|Seated Cable Row|4|8-10|75 giây; Thứ 7|Legs|Romanian Deadlift|4|8-10|90 giây,Split đề xuất: push_pull_legs_x2. Nếu thiếu profile thì ghi rõ đây là plan mẫu.
EXM046,workout_plan_request,Tập 3 buổi/tuần để recomposition như nào,table_like,Mục tiêu;Workout plan;Cardio;Ghi chú cá nhân hóa,"Bench Press, sets, reps, rest, volume",Thứ 2|Full Body|Squat|4|6-8|90 giây; Thứ 4|Full Body|Bench Press|4|6-8|90 giây; Thứ 6|Full Body|Romanian Deadlift|4|8-10|90 giây,Split đề xuất: full_body. Nếu thiếu profile thì ghi rõ đây là plan mẫu.
EXM047,workout_plan_request,Tập 3 buổi để tăng cơ,table_like,Mục tiêu;Workout plan;Cardio;Ghi chú cá nhân hóa,"Bench Press, sets, reps, rest, volume",Thứ 2|Full Body|Squat|4|6-8|90 giây; Thứ 4|Full Body|Bench Press|4|6-8|90 giây; Thứ 6|Full Body|Romanian Deadlift|4|8-10|90 giây,Split đề xuất: full_body. Nếu thiếu profile thì ghi rõ đây là plan mẫu.
EXM048,workout_plan_request,Tập 5 buổi để tăng cơ,table_like,Mục tiêu;Workout plan;Cardio;Ghi chú cá nhân hóa,"Bench Press, sets, reps, rest, volume",Thứ 2|Push|Bench Press|4|6-8|90 giây; Thứ 3|Pull|Lat Pulldown|4|8-10|75 giây; Thứ 4|Legs|Squat|4|6-8|90 giây; Thứ 6|Upper|Incline Dumbbell Press|4|8-10|75 giây; Thứ 7|Lower|Romanian Deadlift|4|8-10|90 giây,Split đề xuất: push_pull_legs_upper_lower. Nếu thiếu profile thì ghi rõ đây là plan mẫu.
EXM049,workout_plan_request,Cho tôi plan recomp 3 buổi,table_like,Mục tiêu;Workout plan;Cardio;Ghi chú cá nhân hóa,"Bench Press, sets, reps, rest, volume",Thứ 2|Full Body|Squat|4|6-8|90 giây; Thứ 4|Full Body|Bench Press|4|6-8|90 giây; Thứ 6|Full Body|Romanian Deadlift|4|8-10|90 giây,Split đề xuất: full_body. Nếu thiếu profile thì ghi rõ đây là plan mẫu.
EXM050,workout_plan_request,Cho tôi plan recomp 4 buổi,table_like,Mục tiêu;Workout plan;Cardio;Ghi chú cá nhân hóa,"Bench Press, sets, reps, rest, volume",Thứ 2|Upper|Bench Press|4|6-8|90 giây; Thứ 3|Lower|Squat|4|6-8|90 giây; Thứ 5|Upper|Lat Pulldown|4|8-10|75 giây; Thứ 6|Lower|Leg Press|4|10-12|75 giây,Split đề xuất: upper_lower. Nếu thiếu profile thì ghi rõ đây là plan mẫu.
EXM051,workout_plan_request,"Tôi tập 5 ngày một tuần, mục tiêu giảm cân",table_like,Mục tiêu;Workout plan;Cardio;Ghi chú cá nhân hóa,"Bench Press, sets, reps, rest, volume",Thứ 2|Push|Bench Press|4|6-8|90 giây; Thứ 3|Pull|Lat Pulldown|4|8-10|75 giây; Thứ 4|Legs|Squat|4|6-8|90 giây; Thứ 6|Upper|Incline Dumbbell Press|4|8-10|75 giây; Thứ 7|Lower|Romanian Deadlift|4|8-10|90 giây,Split đề xuất: push_pull_legs_upper_lower. Nếu thiếu profile thì ghi rõ đây là plan mẫu.
EXM052,workout_plan_request,"Tôi tập 3 ngày một tuần, mục tiêu giảm cân",table_like,Mục tiêu;Workout plan;Cardio;Ghi chú cá nhân hóa,"Bench Press, sets, reps, rest, volume",Thứ 2|Full Body|Squat|4|6-8|90 giây; Thứ 4|Full Body|Bench Press|4|6-8|90 giây; Thứ 6|Full Body|Romanian Deadlift|4|8-10|90 giây,Split đề xuất: full_body. Nếu thiếu profile thì ghi rõ đây là plan mẫu.
EXM053,workout_plan_request,"Tôi muốn vừa giảm mỡ vừa giữ cơ, tập 4 buổi/tuần",table_like,Mục tiêu;Workout plan;Cardio;Ghi chú cá nhân hóa,"Bench Press, sets, reps, rest, volume",Thứ 2|Upper|Bench Press|4|6-8|90 giây; Thứ 3|Lower|Squat|4|6-8|90 giây; Thứ 5|Upper|Lat Pulldown|4|8-10|75 giây; Thứ 6|Lower|Leg Press|4|10-12|75 giây,Split đề xuất: upper_lower. Nếu thiếu profile thì ghi rõ đây là plan mẫu.
EXM054,workout_plan_request,Tập 4 buổi/tuần để recomposition như nào,table_like,Mục tiêu;Workout plan;Cardio;Ghi chú cá nhân hóa,"Bench Press, sets, reps, rest, volume",Thứ 2|Upper|Bench Press|4|6-8|90 giây; Thứ 3|Lower|Squat|4|6-8|90 giây; Thứ 5|Upper|Lat Pulldown|4|8-10|75 giây; Thứ 6|Lower|Leg Press|4|10-12|75 giây,Split đề xuất: upper_lower. Nếu thiếu profile thì ghi rõ đây là plan mẫu.
EXM055,workout_plan_request,Tập 3 buổi để tăng cơ,table_like,Mục tiêu;Workout plan;Cardio;Ghi chú cá nhân hóa,"Bench Press, sets, reps, rest, volume",Thứ 2|Full Body|Squat|4|6-8|90 giây; Thứ 4|Full Body|Bench Press|4|6-8|90 giây; Thứ 6|Full Body|Romanian Deadlift|4|8-10|90 giây,Split đề xuất: full_body. Nếu thiếu profile thì ghi rõ đây là plan mẫu.
EXM056,workout_plan_request,"Tôi muốn vừa giảm mỡ vừa giữ cơ, tập 6 buổi/tuần",table_like,Mục tiêu;Workout plan;Cardio;Ghi chú cá nhân hóa,"Bench Press, sets, reps, rest, volume",Thứ 2|Push|Bench Press|4|6-8|90 giây; Thứ 3|Pull|Barbell Row|4|8-10|75 giây; Thứ 4|Legs|Squat|4|6-8|90 giây; Thứ 5|Push|Overhead Press|4|6-8|90 giây; Thứ 6|Pull|Seated Cable Row|4|8-10|75 giây; Thứ 7|Legs|Romanian Deadlift|4|8-10|90 giây,Split đề xuất: push_pull_legs_x2. Nếu thiếu profile thì ghi rõ đây là plan mẫu.
EXM057,workout_plan_request,Cho tôi lịch tập 5 buổi để giảm mỡ,table_like,Mục tiêu;Workout plan;Cardio;Ghi chú cá nhân hóa,"Bench Press, sets, reps, rest, volume",Thứ 2|Push|Bench Press|4|6-8|90 giây; Thứ 3|Pull|Lat Pulldown|4|8-10|75 giây; Thứ 4|Legs|Squat|4|6-8|90 giây; Thứ 6|Upper|Incline Dumbbell Press|4|8-10|75 giây; Thứ 7|Lower|Romanian Deadlift|4|8-10|90 giây,Split đề xuất: push_pull_legs_upper_lower. Nếu thiếu profile thì ghi rõ đây là plan mẫu.
EXM058,workout_plan_request,Tôi muốn giảm mỡ và tập 3 buổi/tuần,table_like,Mục tiêu;Workout plan;Cardio;Ghi chú cá nhân hóa,"Bench Press, sets, reps, rest, volume",Thứ 2|Full Body|Squat|4|6-8|90 giây; Thứ 4|Full Body|Bench Press|4|6-8|90 giây; Thứ 6|Full Body|Romanian Deadlift|4|8-10|90 giây,Split đề xuất: full_body. Nếu thiếu profile thì ghi rõ đây là plan mẫu.
EXM059,workout_plan_request,Tôi muốn tăng cơ với lịch 3 buổi/tuần,table_like,Mục tiêu;Workout plan;Cardio;Ghi chú cá nhân hóa,"Bench Press, sets, reps, rest, volume",Thứ 2|Full Body|Squat|4|6-8|90 giây; Thứ 4|Full Body|Bench Press|4|6-8|90 giây; Thứ 6|Full Body|Romanian Deadlift|4|8-10|90 giây,Split đề xuất: full_body. Nếu thiếu profile thì ghi rõ đây là plan mẫu.
EXM060,workout_plan_request,Tôi muốn tăng cơ với lịch 6 buổi/tuần,table_like,Mục tiêu;Workout plan;Cardio;Ghi chú cá nhân hóa,"Bench Press, sets, reps, rest, volume",Thứ 2|Push|Bench Press|4|6-8|90 giây; Thứ 3|Pull|Barbell Row|4|8-10|75 giây; Thứ 4|Legs|Squat|4|6-8|90 giây; Thứ 5|Push|Overhead Press|4|6-8|90 giây; Thứ 6|Pull|Seated Cable Row|4|8-10|75 giây; Thứ 7|Legs|Romanian Deadlift|4|8-10|90 giây,Split đề xuất: push_pull_legs_x2. Nếu thiếu profile thì ghi rõ đây là plan mẫu.
EXM061,workout_plan_request,Tôi muốn tăng cơ với lịch 4 buổi/tuần,table_like,Mục tiêu;Workout plan;Cardio;Ghi chú cá nhân hóa,"Bench Press, sets, reps, rest, volume",Thứ 2|Upper|Bench Press|4|6-8|90 giây; Thứ 3|Lower|Squat|4|6-8|90 giây; Thứ 5|Upper|Lat Pulldown|4|8-10|75 giây; Thứ 6|Lower|Leg Press|4|10-12|75 giây,Split đề xuất: upper_lower. Nếu thiếu profile thì ghi rõ đây là plan mẫu.
EXM062,workout_plan_request,Tập 6 buổi để tăng cơ,table_like,Mục tiêu;Workout plan;Cardio;Ghi chú cá nhân hóa,"Bench Press, sets, reps, rest, volume",Thứ 2|Push|Bench Press|4|6-8|90 giây; Thứ 3|Pull|Barbell Row|4|8-10|75 giây; Thứ 4|Legs|Squat|4|6-8|90 giây; Thứ 5|Push|Overhead Press|4|6-8|90 giây; Thứ 6|Pull|Seated Cable Row|4|8-10|75 giây; Thứ 7|Legs|Romanian Deadlift|4|8-10|90 giây,Split đề xuất: push_pull_legs_x2. Nếu thiếu profile thì ghi rõ đây là plan mẫu.
EXM063,workout_plan_request,"Tôi tập 5 ngày một tuần, mục tiêu giảm cân",table_like,Mục tiêu;Workout plan;Cardio;Ghi chú cá nhân hóa,"Bench Press, sets, reps, rest, volume",Thứ 2|Push|Bench Press|4|6-8|90 giây; Thứ 3|Pull|Lat Pulldown|4|8-10|75 giây; Thứ 4|Legs|Squat|4|6-8|90 giây; Thứ 6|Upper|Incline Dumbbell Press|4|8-10|75 giây; Thứ 7|Lower|Romanian Deadlift|4|8-10|90 giây,Split đề xuất: push_pull_legs_upper_lower. Nếu thiếu profile thì ghi rõ đây là plan mẫu.
EXM064,workout_plan_request,Tôi muốn tăng cơ với lịch 6 buổi/tuần,table_like,Mục tiêu;Workout plan;Cardio;Ghi chú cá nhân hóa,"Bench Press, sets, reps, rest, volume",Thứ 2|Push|Bench Press|4|6-8|90 giây; Thứ 3|Pull|Barbell Row|4|8-10|75 giây; Thứ 4|Legs|Squat|4|6-8|90 giây; Thứ 5|Push|Overhead Press|4|6-8|90 giây; Thứ 6|Pull|Seated Cable Row|4|8-10|75 giây; Thứ 7|Legs|Romanian Deadlift|4|8-10|90 giây,Split đề xuất: push_pull_legs_x2. Nếu thiếu profile thì ghi rõ đây là plan mẫu.
EXM065,workout_plan_request,Tập 4 buổi để tăng cơ,table_like,Mục tiêu;Workout plan;Cardio;Ghi chú cá nhân hóa,"Bench Press, sets, reps, rest, volume",Thứ 2|Upper|Bench Press|4|6-8|90 giây; Thứ 3|Lower|Squat|4|6-8|90 giây; Thứ 5|Upper|Lat Pulldown|4|8-10|75 giây; Thứ 6|Lower|Leg Press|4|10-12|75 giây,Split đề xuất: upper_lower. Nếu thiếu profile thì ghi rõ đây là plan mẫu.
EXM066,workout_plan_request,Tập 6 buổi/tuần để recomposition như nào,table_like,Mục tiêu;Workout plan;Cardio;Ghi chú cá nhân hóa,"Bench Press, sets, reps, rest, volume",Thứ 2|Push|Bench Press|4|6-8|90 giây; Thứ 3|Pull|Barbell Row|4|8-10|75 giây; Thứ 4|Legs|Squat|4|6-8|90 giây; Thứ 5|Push|Overhead Press|4|6-8|90 giây; Thứ 6|Pull|Seated Cable Row|4|8-10|75 giây; Thứ 7|Legs|Romanian Deadlift|4|8-10|90 giây,Split đề xuất: push_pull_legs_x2. Nếu thiếu profile thì ghi rõ đây là plan mẫu.
EXM067,workout_plan_request,Cho tôi plan hypertrophy 5 buổi,table_like,Mục tiêu;Workout plan;Cardio;Ghi chú cá nhân hóa,"Bench Press, sets, reps, rest, volume",Thứ 2|Push|Bench Press|4|6-8|90 giây; Thứ 3|Pull|Lat Pulldown|4|8-10|75 giây; Thứ 4|Legs|Squat|4|6-8|90 giây; Thứ 6|Upper|Incline Dumbbell Press|4|8-10|75 giây; Thứ 7|Lower|Romanian Deadlift|4|8-10|90 giây,Split đề xuất: push_pull_legs_upper_lower. Nếu thiếu profile thì ghi rõ đây là plan mẫu.
EXM068,workout_plan_request,Tôi muốn tăng cơ với lịch 6 buổi/tuần,table_like,Mục tiêu;Workout plan;Cardio;Ghi chú cá nhân hóa,"Bench Press, sets, reps, rest, volume",Thứ 2|Push|Bench Press|4|6-8|90 giây; Thứ 3|Pull|Barbell Row|4|8-10|75 giây; Thứ 4|Legs|Squat|4|6-8|90 giây; Thứ 5|Push|Overhead Press|4|6-8|90 giây; Thứ 6|Pull|Seated Cable Row|4|8-10|75 giây; Thứ 7|Legs|Romanian Deadlift|4|8-10|90 giây,Split đề xuất: push_pull_legs_x2. Nếu thiếu profile thì ghi rõ đây là plan mẫu.
EXM069,workout_plan_request,Tôi muốn giảm mỡ và tập 4 buổi/tuần,table_like,Mục tiêu;Workout plan;Cardio;Ghi chú cá nhân hóa,"Bench Press, sets, reps, rest, volume",Thứ 2|Upper|Bench Press|4|6-8|90 giây; Thứ 3|Lower|Squat|4|6-8|90 giây; Thứ 5|Upper|Lat Pulldown|4|8-10|75 giây; Thứ 6|Lower|Leg Press|4|10-12|75 giây,Split đề xuất: upper_lower. Nếu thiếu profile thì ghi rõ đây là plan mẫu.
EXM070,workout_plan_request,Tập 3 buổi/tuần để recomposition như nào,table_like,Mục tiêu;Workout plan;Cardio;Ghi chú cá nhân hóa,"Bench Press, sets, reps, rest, volume",Thứ 2|Full Body|Squat|4|6-8|90 giây; Thứ 4|Full Body|Bench Press|4|6-8|90 giây; Thứ 6|Full Body|Romanian Deadlift|4|8-10|90 giây,Split đề xuất: full_body. Nếu thiếu profile thì ghi rõ đây là plan mẫu.
EXM071,workout_plan_request,Tập 4 buổi để tăng cơ,table_like,Mục tiêu;Workout plan;Cardio;Ghi chú cá nhân hóa,"Bench Press, sets, reps, rest, volume",Thứ 2|Upper|Bench Press|4|6-8|90 giây; Thứ 3|Lower|Squat|4|6-8|90 giây; Thứ 5|Upper|Lat Pulldown|4|8-10|75 giây; Thứ 6|Lower|Leg Press|4|10-12|75 giây,Split đề xuất: upper_lower. Nếu thiếu profile thì ghi rõ đây là plan mẫu.
EXM072,workout_plan_request,Tôi muốn giảm mỡ và tập 3 buổi/tuần,table_like,Mục tiêu;Workout plan;Cardio;Ghi chú cá nhân hóa,"Bench Press, sets, reps, rest, volume",Thứ 2|Full Body|Squat|4|6-8|90 giây; Thứ 4|Full Body|Bench Press|4|6-8|90 giây; Thứ 6|Full Body|Romanian Deadlift|4|8-10|90 giây,Split đề xuất: full_body. Nếu thiếu profile thì ghi rõ đây là plan mẫu.
EXM073,workout_plan_request,Tôi muốn tăng cơ với lịch 3 buổi/tuần,table_like,Mục tiêu;Workout plan;Cardio;Ghi chú cá nhân hóa,"Bench Press, sets, reps, rest, volume",Thứ 2|Full Body|Squat|4|6-8|90 giây; Thứ 4|Full Body|Bench Press|4|6-8|90 giây; Thứ 6|Full Body|Romanian Deadlift|4|8-10|90 giây,Split đề xuất: full_body. Nếu thiếu profile thì ghi rõ đây là plan mẫu.
EXM074,workout_plan_request,Cho tôi lịch tập 3 buổi để giảm mỡ,table_like,Mục tiêu;Workout plan;Cardio;Ghi chú cá nhân hóa,"Bench Press, sets, reps, rest, volume",Thứ 2|Full Body|Squat|4|6-8|90 giây; Thứ 4|Full Body|Bench Press|4|6-8|90 giây; Thứ 6|Full Body|Romanian Deadlift|4|8-10|90 giây,Split đề xuất: full_body. Nếu thiếu profile thì ghi rõ đây là plan mẫu.
EXM075,workout_plan_request,Cho tôi lịch tập 4 buổi để giảm mỡ,table_like,Mục tiêu;Workout plan;Cardio;Ghi chú cá nhân hóa,"Bench Press, sets, reps, rest, volume",Thứ 2|Upper|Bench Press|4|6-8|90 giây; Thứ 3|Lower|Squat|4|6-8|90 giây; Thứ 5|Upper|Lat Pulldown|4|8-10|75 giây; Thứ 6|Lower|Leg Press|4|10-12|75 giây,Split đề xuất: upper_lower. Nếu thiếu profile thì ghi rõ đây là plan mẫu.
EXM076,workout_plan_request,Tôi muốn tăng cơ với lịch 6 buổi/tuần,table_like,Mục tiêu;Workout plan;Cardio;Ghi chú cá nhân hóa,"Bench Press, sets, reps, rest, volume",Thứ 2|Push|Bench Press|4|6-8|90 giây; Thứ 3|Pull|Barbell Row|4|8-10|75 giây; Thứ 4|Legs|Squat|4|6-8|90 giây; Thứ 5|Push|Overhead Press|4|6-8|90 giây; Thứ 6|Pull|Seated Cable Row|4|8-10|75 giây; Thứ 7|Legs|Romanian Deadlift|4|8-10|90 giây,Split đề xuất: push_pull_legs_x2. Nếu thiếu profile thì ghi rõ đây là plan mẫu.
EXM077,workout_plan_request,Tập 4 buổi để tăng cơ,table_like,Mục tiêu;Workout plan;Cardio;Ghi chú cá nhân hóa,"Bench Press, sets, reps, rest, volume",Thứ 2|Upper|Bench Press|4|6-8|90 giây; Thứ 3|Lower|Squat|4|6-8|90 giây; Thứ 5|Upper|Lat Pulldown|4|8-10|75 giây; Thứ 6|Lower|Leg Press|4|10-12|75 giây,Split đề xuất: upper_lower. Nếu thiếu profile thì ghi rõ đây là plan mẫu.
EXM078,workout_plan_request,Tôi muốn tăng cơ với lịch 6 buổi/tuần,table_like,Mục tiêu;Workout plan;Cardio;Ghi chú cá nhân hóa,"Bench Press, sets, reps, rest, volume",Thứ 2|Push|Bench Press|4|6-8|90 giây; Thứ 3|Pull|Barbell Row|4|8-10|75 giây; Thứ 4|Legs|Squat|4|6-8|90 giây; Thứ 5|Push|Overhead Press|4|6-8|90 giây; Thứ 6|Pull|Seated Cable Row|4|8-10|75 giây; Thứ 7|Legs|Romanian Deadlift|4|8-10|90 giây,Split đề xuất: push_pull_legs_x2. Nếu thiếu profile thì ghi rõ đây là plan mẫu.
EXM079,workout_plan_request,"Tôi muốn vừa giảm mỡ vừa giữ cơ, tập 6 buổi/tuần",table_like,Mục tiêu;Workout plan;Cardio;Ghi chú cá nhân hóa,"Bench Press, sets, reps, rest, volume",Thứ 2|Push|Bench Press|4|6-8|90 giây; Thứ 3|Pull|Barbell Row|4|8-10|75 giây; Thứ 4|Legs|Squat|4|6-8|90 giây; Thứ 5|Push|Overhead Press|4|6-8|90 giây; Thứ 6|Pull|Seated Cable Row|4|8-10|75 giây; Thứ 7|Legs|Romanian Deadlift|4|8-10|90 giây,Split đề xuất: push_pull_legs_x2. Nếu thiếu profile thì ghi rõ đây là plan mẫu.
EXM080,workout_plan_request,"Tôi tập 3 ngày một tuần, mục tiêu giảm cân",table_like,Mục tiêu;Workout plan;Cardio;Ghi chú cá nhân hóa,"Bench Press, sets, reps, rest, volume",Thứ 2|Full Body|Squat|4|6-8|90 giây; Thứ 4|Full Body|Bench Press|4|6-8|90 giây; Thứ 6|Full Body|Romanian Deadlift|4|8-10|90 giây,Split đề xuất: full_body. Nếu thiếu profile thì ghi rõ đây là plan mẫu.
EXM081,workout_plan_request,Cho tôi plan recomp 5 buổi,table_like,Mục tiêu;Workout plan;Cardio;Ghi chú cá nhân hóa,"Bench Press, sets, reps, rest, volume",Thứ 2|Push|Bench Press|4|6-8|90 giây; Thứ 3|Pull|Lat Pulldown|4|8-10|75 giây; Thứ 4|Legs|Squat|4|6-8|90 giây; Thứ 6|Upper|Incline Dumbbell Press|4|8-10|75 giây; Thứ 7|Lower|Romanian Deadlift|4|8-10|90 giây,Split đề xuất: push_pull_legs_upper_lower. Nếu thiếu profile thì ghi rõ đây là plan mẫu.
EXM082,workout_plan_request,Tập 6 buổi/tuần để recomposition như nào,table_like,Mục tiêu;Workout plan;Cardio;Ghi chú cá nhân hóa,"Bench Press, sets, reps, rest, volume",Thứ 2|Push|Bench Press|4|6-8|90 giây; Thứ 3|Pull|Barbell Row|4|8-10|75 giây; Thứ 4|Legs|Squat|4|6-8|90 giây; Thứ 5|Push|Overhead Press|4|6-8|90 giây; Thứ 6|Pull|Seated Cable Row|4|8-10|75 giây; Thứ 7|Legs|Romanian Deadlift|4|8-10|90 giây,Split đề xuất: push_pull_legs_x2. Nếu thiếu profile thì ghi rõ đây là plan mẫu.
EXM083,workout_plan_request,Tôi muốn giảm mỡ và tập 3 buổi/tuần,table_like,Mục tiêu;Workout plan;Cardio;Ghi chú cá nhân hóa,"Bench Press, sets, reps, rest, volume",Thứ 2|Full Body|Squat|4|6-8|90 giây; Thứ 4|Full Body|Bench Press|4|6-8|90 giây; Thứ 6|Full Body|Romanian Deadlift|4|8-10|90 giây,Split đề xuất: full_body. Nếu thiếu profile thì ghi rõ đây là plan mẫu.
EXM084,workout_plan_request,"Tôi muốn vừa giảm mỡ vừa giữ cơ, tập 5 buổi/tuần",table_like,Mục tiêu;Workout plan;Cardio;Ghi chú cá nhân hóa,"Bench Press, sets, reps, rest, volume",Thứ 2|Push|Bench Press|4|6-8|90 giây; Thứ 3|Pull|Lat Pulldown|4|8-10|75 giây; Thứ 4|Legs|Squat|4|6-8|90 giây; Thứ 6|Upper|Incline Dumbbell Press|4|8-10|75 giây; Thứ 7|Lower|Romanian Deadlift|4|8-10|90 giây,Split đề xuất: push_pull_legs_upper_lower. Nếu thiếu profile thì ghi rõ đây là plan mẫu.
EXM085,workout_plan_request,Tôi muốn giảm mỡ và tập 4 buổi/tuần,table_like,Mục tiêu;Workout plan;Cardio;Ghi chú cá nhân hóa,"Bench Press, sets, reps, rest, volume",Thứ 2|Upper|Bench Press|4|6-8|90 giây; Thứ 3|Lower|Squat|4|6-8|90 giây; Thứ 5|Upper|Lat Pulldown|4|8-10|75 giây; Thứ 6|Lower|Leg Press|4|10-12|75 giây,Split đề xuất: upper_lower. Nếu thiếu profile thì ghi rõ đây là plan mẫu.
EXM086,workout_plan_request,Tôi muốn tăng cơ với lịch 6 buổi/tuần,table_like,Mục tiêu;Workout plan;Cardio;Ghi chú cá nhân hóa,"Bench Press, sets, reps, rest, volume",Thứ 2|Push|Bench Press|4|6-8|90 giây; Thứ 3|Pull|Barbell Row|4|8-10|75 giây; Thứ 4|Legs|Squat|4|6-8|90 giây; Thứ 5|Push|Overhead Press|4|6-8|90 giây; Thứ 6|Pull|Seated Cable Row|4|8-10|75 giây; Thứ 7|Legs|Romanian Deadlift|4|8-10|90 giây,Split đề xuất: push_pull_legs_x2. Nếu thiếu profile thì ghi rõ đây là plan mẫu.
EXM087,workout_plan_request,Cho tôi plan recomp 4 buổi,table_like,Mục tiêu;Workout plan;Cardio;Ghi chú cá nhân hóa,"Bench Press, sets, reps, rest, volume",Thứ 2|Upper|Bench Press|4|6-8|90 giây; Thứ 3|Lower|Squat|4|6-8|90 giây; Thứ 5|Upper|Lat Pulldown|4|8-10|75 giây; Thứ 6|Lower|Leg Press|4|10-12|75 giây,Split đề xuất: upper_lower. Nếu thiếu profile thì ghi rõ đây là plan mẫu.
EXM088,workout_plan_request,"Tôi muốn vừa giảm mỡ vừa giữ cơ, tập 4 buổi/tuần",table_like,Mục tiêu;Workout plan;Cardio;Ghi chú cá nhân hóa,"Bench Press, sets, reps, rest, volume",Thứ 2|Upper|Bench Press|4|6-8|90 giây; Thứ 3|Lower|Squat|4|6-8|90 giây; Thứ 5|Upper|Lat Pulldown|4|8-10|75 giây; Thứ 6|Lower|Leg Press|4|10-12|75 giây,Split đề xuất: upper_lower. Nếu thiếu profile thì ghi rõ đây là plan mẫu.
EXM089,workout_plan_request,"Tôi muốn vừa giảm mỡ vừa giữ cơ, tập 3 buổi/tuần",table_like,Mục tiêu;Workout plan;Cardio;Ghi chú cá nhân hóa,"Bench Press, sets, reps, rest, volume",Thứ 2|Full Body|Squat|4|6-8|90 giây; Thứ 4|Full Body|Bench Press|4|6-8|90 giây; Thứ 6|Full Body|Romanian Deadlift|4|8-10|90 giây,Split đề xuất: full_body. Nếu thiếu profile thì ghi rõ đây là plan mẫu.
EXM090,workout_plan_request,Tôi muốn tăng cơ với lịch 3 buổi/tuần,table_like,Mục tiêu;Workout plan;Cardio;Ghi chú cá nhân hóa,"Bench Press, sets, reps, rest, volume",Thứ 2|Full Body|Squat|4|6-8|90 giây; Thứ 4|Full Body|Bench Press|4|6-8|90 giây; Thứ 6|Full Body|Romanian Deadlift|4|8-10|90 giây,Split đề xuất: full_body. Nếu thiếu profile thì ghi rõ đây là plan mẫu.
EXM091,workout_plan_request,Cho tôi lịch tập 4 buổi để giảm mỡ,table_like,Mục tiêu;Workout plan;Cardio;Ghi chú cá nhân hóa,"Bench Press, sets, reps, rest, volume",Thứ 2|Upper|Bench Press|4|6-8|90 giây; Thứ 3|Lower|Squat|4|6-8|90 giây; Thứ 5|Upper|Lat Pulldown|4|8-10|75 giây; Thứ 6|Lower|Leg Press|4|10-12|75 giây,Split đề xuất: upper_lower. Nếu thiếu profile thì ghi rõ đây là plan mẫu.
EXM092,workout_plan_request,"Tôi muốn vừa giảm mỡ vừa giữ cơ, tập 6 buổi/tuần",table_like,Mục tiêu;Workout plan;Cardio;Ghi chú cá nhân hóa,"Bench Press, sets, reps, rest, volume",Thứ 2|Push|Bench Press|4|6-8|90 giây; Thứ 3|Pull|Barbell Row|4|8-10|75 giây; Thứ 4|Legs|Squat|4|6-8|90 giây; Thứ 5|Push|Overhead Press|4|6-8|90 giây; Thứ 6|Pull|Seated Cable Row|4|8-10|75 giây; Thứ 7|Legs|Romanian Deadlift|4|8-10|90 giây,Split đề xuất: push_pull_legs_x2. Nếu thiếu profile thì ghi rõ đây là plan mẫu.
EXM093,workout_plan_request,"Tôi muốn vừa giảm mỡ vừa giữ cơ, tập 3 buổi/tuần",table_like,Mục tiêu;Workout plan;Cardio;Ghi chú cá nhân hóa,"Bench Press, sets, reps, rest, volume",Thứ 2|Full Body|Squat|4|6-8|90 giây; Thứ 4|Full Body|Bench Press|4|6-8|90 giây; Thứ 6|Full Body|Romanian Deadlift|4|8-10|90 giây,Split đề xuất: full_body. Nếu thiếu profile thì ghi rõ đây là plan mẫu.
EXM094,workout_plan_request,Cho tôi plan recomp 3 buổi,table_like,Mục tiêu;Workout plan;Cardio;Ghi chú cá nhân hóa,"Bench Press, sets, reps, rest, volume",Thứ 2|Full Body|Squat|4|6-8|90 giây; Thứ 4|Full Body|Bench Press|4|6-8|90 giây; Thứ 6|Full Body|Romanian Deadlift|4|8-10|90 giây,Split đề xuất: full_body. Nếu thiếu profile thì ghi rõ đây là plan mẫu.
EXM095,workout_plan_request,Cho tôi plan recomp 6 buổi,table_like,Mục tiêu;Workout plan;Cardio;Ghi chú cá nhân hóa,"Bench Press, sets, reps, rest, volume",Thứ 2|Push|Bench Press|4|6-8|90 giây; Thứ 3|Pull|Barbell Row|4|8-10|75 giây; Thứ 4|Legs|Squat|4|6-8|90 giây; Thứ 5|Push|Overhead Press|4|6-8|90 giây; Thứ 6|Pull|Seated Cable Row|4|8-10|75 giây; Thứ 7|Legs|Romanian Deadlift|4|8-10|90 giây,Split đề xuất: push_pull_legs_x2. Nếu thiếu profile thì ghi rõ đây là plan mẫu.
EXM096,workout_plan_request,"Tôi muốn vừa giảm mỡ vừa giữ cơ, tập 6 buổi/tuần",table_like,Mục tiêu;Workout plan;Cardio;Ghi chú cá nhân hóa,"Bench Press, sets, reps, rest, volume",Thứ 2|Push|Bench Press|4|6-8|90 giây; Thứ 3|Pull|Barbell Row|4|8-10|75 giây; Thứ 4|Legs|Squat|4|6-8|90 giây; Thứ 5|Push|Overhead Press|4|6-8|90 giây; Thứ 6|Pull|Seated Cable Row|4|8-10|75 giây; Thứ 7|Legs|Romanian Deadlift|4|8-10|90 giây,Split đề xuất: push_pull_legs_x2. Nếu thiếu profile thì ghi rõ đây là plan mẫu.
EXM097,workout_plan_request,Tôi muốn giảm mỡ và tập 5 buổi/tuần,table_like,Mục tiêu;Workout plan;Cardio;Ghi chú cá nhân hóa,"Bench Press, sets, reps, rest, volume",Thứ 2|Push|Bench Press|4|6-8|90 giây; Thứ 3|Pull|Lat Pulldown|4|8-10|75 giây; Thứ 4|Legs|Squat|4|6-8|90 giây; Thứ 6|Upper|Incline Dumbbell Press|4|8-10|75 giây; Thứ 7|Lower|Romanian Deadlift|4|8-10|90 giây,Split đề xuất: push_pull_legs_upper_lower. Nếu thiếu profile thì ghi rõ đây là plan mẫu.
EXM098,workout_plan_request,"Tôi tập 3 ngày một tuần, mục tiêu giảm cân",table_like,Mục tiêu;Workout plan;Cardio;Ghi chú cá nhân hóa,"Bench Press, sets, reps, rest, volume",Thứ 2|Full Body|Squat|4|6-8|90 giây; Thứ 4|Full Body|Bench Press|4|6-8|90 giây; Thứ 6|Full Body|Romanian Deadlift|4|8-10|90 giây,Split đề xuất: full_body. Nếu thiếu profile thì ghi rõ đây là plan mẫu.
EXM099,workout_plan_request,"Tôi muốn vừa giảm mỡ vừa giữ cơ, tập 3 buổi/tuần",table_like,Mục tiêu;Workout plan;Cardio;Ghi chú cá nhân hóa,"Bench Press, sets, reps, rest, volume",Thứ 2|Full Body|Squat|4|6-8|90 giây; Thứ 4|Full Body|Bench Press|4|6-8|90 giây; Thứ 6|Full Body|Romanian Deadlift|4|8-10|90 giây,Split đề xuất: full_body. Nếu thiếu profile thì ghi rõ đây là plan mẫu.
EXM100,workout_plan_request,Tập 6 buổi để tăng cơ,table_like,Mục tiêu;Workout plan;Cardio;Ghi chú cá nhân hóa,"Bench Press, sets, reps, rest, volume",Thứ 2|Push|Bench Press|4|6-8|90 giây; Thứ 3|Pull|Barbell Row|4|8-10|75 giây; Thứ 4|Legs|Squat|4|6-8|90 giây; Thứ 5|Push|Overhead Press|4|6-8|90 giây; Thứ 6|Pull|Seated Cable Row|4|8-10|75 giây; Thứ 7|Legs|Romanian Deadlift|4|8-10|90 giây,Split đề xuất: push_pull_legs_x2. Nếu thiếu profile thì ghi rõ đây là plan mẫu.
EXM101,workout_plan_request,Tôi muốn tăng cơ với lịch 4 buổi/tuần,table_like,Mục tiêu;Workout plan;Cardio;Ghi chú cá nhân hóa,"Bench Press, sets, reps, rest, volume",Thứ 2|Upper|Bench Press|4|6-8|90 giây; Thứ 3|Lower|Squat|4|6-8|90 giây; Thứ 5|Upper|Lat Pulldown|4|8-10|75 giây; Thứ 6|Lower|Leg Press|4|10-12|75 giây,Split đề xuất: upper_lower. Nếu thiếu profile thì ghi rõ đây là plan mẫu.
EXM102,workout_plan_request,Tôi muốn tăng cơ với lịch 3 buổi/tuần,table_like,Mục tiêu;Workout plan;Cardio;Ghi chú cá nhân hóa,"Bench Press, sets, reps, rest, volume",Thứ 2|Full Body|Squat|4|6-8|90 giây; Thứ 4|Full Body|Bench Press|4|6-8|90 giây; Thứ 6|Full Body|Romanian Deadlift|4|8-10|90 giây,Split đề xuất: full_body. Nếu thiếu profile thì ghi rõ đây là plan mẫu.
EXM103,workout_plan_request,"Tôi tập 3 ngày một tuần, mục tiêu giảm cân",table_like,Mục tiêu;Workout plan;Cardio;Ghi chú cá nhân hóa,"Bench Press, sets, reps, rest, volume",Thứ 2|Full Body|Squat|4|6-8|90 giây; Thứ 4|Full Body|Bench Press|4|6-8|90 giây; Thứ 6|Full Body|Romanian Deadlift|4|8-10|90 giây,Split đề xuất: full_body. Nếu thiếu profile thì ghi rõ đây là plan mẫu.
EXM104,workout_plan_request,Tôi muốn giảm mỡ và tập 6 buổi/tuần,table_like,Mục tiêu;Workout plan;Cardio;Ghi chú cá nhân hóa,"Bench Press, sets, reps, rest, volume",Thứ 2|Push|Bench Press|4|6-8|90 giây; Thứ 3|Pull|Barbell Row|4|8-10|75 giây; Thứ 4|Legs|Squat|4|6-8|90 giây; Thứ 5|Push|Overhead Press|4|6-8|90 giây; Thứ 6|Pull|Seated Cable Row|4|8-10|75 giây; Thứ 7|Legs|Romanian Deadlift|4|8-10|90 giây,Split đề xuất: push_pull_legs_x2. Nếu thiếu profile thì ghi rõ đây là plan mẫu.
EXM105,workout_plan_request,Tập 4 buổi để tăng cơ,table_like,Mục tiêu;Workout plan;Cardio;Ghi chú cá nhân hóa,"Bench Press, sets, reps, rest, volume",Thứ 2|Upper|Bench Press|4|6-8|90 giây; Thứ 3|Lower|Squat|4|6-8|90 giây; Thứ 5|Upper|Lat Pulldown|4|8-10|75 giây; Thứ 6|Lower|Leg Press|4|10-12|75 giây,Split đề xuất: upper_lower. Nếu thiếu profile thì ghi rõ đây là plan mẫu.
EXM106,workout_plan_request,Tập 3 buổi để tăng cơ,table_like,Mục tiêu;Workout plan;Cardio;Ghi chú cá nhân hóa,"Bench Press, sets, reps, rest, volume",Thứ 2|Full Body|Squat|4|6-8|90 giây; Thứ 4|Full Body|Bench Press|4|6-8|90 giây; Thứ 6|Full Body|Romanian Deadlift|4|8-10|90 giây,Split đề xuất: full_body. Nếu thiếu profile thì ghi rõ đây là plan mẫu.
EXM107,workout_plan_request,"Tôi tập 6 ngày một tuần, mục tiêu giảm cân",table_like,Mục tiêu;Workout plan;Cardio;Ghi chú cá nhân hóa,"Bench Press, sets, reps, rest, volume",Thứ 2|Push|Bench Press|4|6-8|90 giây; Thứ 3|Pull|Barbell Row|4|8-10|75 giây; Thứ 4|Legs|Squat|4|6-8|90 giây; Thứ 5|Push|Overhead Press|4|6-8|90 giây; Thứ 6|Pull|Seated Cable Row|4|8-10|75 giây; Thứ 7|Legs|Romanian Deadlift|4|8-10|90 giây,Split đề xuất: push_pull_legs_x2. Nếu thiếu profile thì ghi rõ đây là plan mẫu.
EXM108,workout_plan_request,Cho tôi plan hypertrophy 5 buổi,table_like,Mục tiêu;Workout plan;Cardio;Ghi chú cá nhân hóa,"Bench Press, sets, reps, rest, volume",Thứ 2|Push|Bench Press|4|6-8|90 giây; Thứ 3|Pull|Lat Pulldown|4|8-10|75 giây; Thứ 4|Legs|Squat|4|6-8|90 giây; Thứ 6|Upper|Incline Dumbbell Press|4|8-10|75 giây; Thứ 7|Lower|Romanian Deadlift|4|8-10|90 giây,Split đề xuất: push_pull_legs_upper_lower. Nếu thiếu profile thì ghi rõ đây là plan mẫu.
EXM109,workout_plan_request,Tôi muốn giảm mỡ và tập 5 buổi/tuần,table_like,Mục tiêu;Workout plan;Cardio;Ghi chú cá nhân hóa,"Bench Press, sets, reps, rest, volume",Thứ 2|Push|Bench Press|4|6-8|90 giây; Thứ 3|Pull|Lat Pulldown|4|8-10|75 giây; Thứ 4|Legs|Squat|4|6-8|90 giây; Thứ 6|Upper|Incline Dumbbell Press|4|8-10|75 giây; Thứ 7|Lower|Romanian Deadlift|4|8-10|90 giây,Split đề xuất: push_pull_legs_upper_lower. Nếu thiếu profile thì ghi rõ đây là plan mẫu.
EXM110,workout_plan_request,"Tôi muốn vừa giảm mỡ vừa giữ cơ, tập 6 buổi/tuần",table_like,Mục tiêu;Workout plan;Cardio;Ghi chú cá nhân hóa,"Bench Press, sets, reps, rest, volume",Thứ 2|Push|Bench Press|4|6-8|90 giây; Thứ 3|Pull|Barbell Row|4|8-10|75 giây; Thứ 4|Legs|Squat|4|6-8|90 giây; Thứ 5|Push|Overhead Press|4|6-8|90 giây; Thứ 6|Pull|Seated Cable Row|4|8-10|75 giây; Thứ 7|Legs|Romanian Deadlift|4|8-10|90 giây,Split đề xuất: push_pull_legs_x2. Nếu thiếu profile thì ghi rõ đây là plan mẫu.
EXM111,workout_plan_request,Cho tôi plan hypertrophy 5 buổi,table_like,Mục tiêu;Workout plan;Cardio;Ghi chú cá nhân hóa,"Bench Press, sets, reps, rest, volume",Thứ 2|Push|Bench Press|4|6-8|90 giây; Thứ 3|Pull|Lat Pulldown|4|8-10|75 giây; Thứ 4|Legs|Squat|4|6-8|90 giây; Thứ 6|Upper|Incline Dumbbell Press|4|8-10|75 giây; Thứ 7|Lower|Romanian Deadlift|4|8-10|90 giây,Split đề xuất: push_pull_legs_upper_lower. Nếu thiếu profile thì ghi rõ đây là plan mẫu.
EXM112,workout_plan_request,"Tôi muốn vừa giảm mỡ vừa giữ cơ, tập 3 buổi/tuần",table_like,Mục tiêu;Workout plan;Cardio;Ghi chú cá nhân hóa,"Bench Press, sets, reps, rest, volume",Thứ 2|Full Body|Squat|4|6-8|90 giây; Thứ 4|Full Body|Bench Press|4|6-8|90 giây; Thứ 6|Full Body|Romanian Deadlift|4|8-10|90 giây,Split đề xuất: full_body. Nếu thiếu profile thì ghi rõ đây là plan mẫu.
EXM113,workout_plan_request,"Tôi muốn vừa giảm mỡ vừa giữ cơ, tập 3 buổi/tuần",table_like,Mục tiêu;Workout plan;Cardio;Ghi chú cá nhân hóa,"Bench Press, sets, reps, rest, volume",Thứ 2|Full Body|Squat|4|6-8|90 giây; Thứ 4|Full Body|Bench Press|4|6-8|90 giây; Thứ 6|Full Body|Romanian Deadlift|4|8-10|90 giây,Split đề xuất: full_body. Nếu thiếu profile thì ghi rõ đây là plan mẫu.
EXM114,workout_plan_request,Tập 4 buổi để tăng cơ,table_like,Mục tiêu;Workout plan;Cardio;Ghi chú cá nhân hóa,"Bench Press, sets, reps, rest, volume",Thứ 2|Upper|Bench Press|4|6-8|90 giây; Thứ 3|Lower|Squat|4|6-8|90 giây; Thứ 5|Upper|Lat Pulldown|4|8-10|75 giây; Thứ 6|Lower|Leg Press|4|10-12|75 giây,Split đề xuất: upper_lower. Nếu thiếu profile thì ghi rõ đây là plan mẫu.
EXM115,workout_plan_request,Cho tôi plan recomp 4 buổi,table_like,Mục tiêu;Workout plan;Cardio;Ghi chú cá nhân hóa,"Bench Press, sets, reps, rest, volume",Thứ 2|Upper|Bench Press|4|6-8|90 giây; Thứ 3|Lower|Squat|4|6-8|90 giây; Thứ 5|Upper|Lat Pulldown|4|8-10|75 giây; Thứ 6|Lower|Leg Press|4|10-12|75 giây,Split đề xuất: upper_lower. Nếu thiếu profile thì ghi rõ đây là plan mẫu.
EXM116,workout_plan_request,Cho tôi lịch tập 4 buổi để giảm mỡ,table_like,Mục tiêu;Workout plan;Cardio;Ghi chú cá nhân hóa,"Bench Press, sets, reps, rest, volume",Thứ 2|Upper|Bench Press|4|6-8|90 giây; Thứ 3|Lower|Squat|4|6-8|90 giây; Thứ 5|Upper|Lat Pulldown|4|8-10|75 giây; Thứ 6|Lower|Leg Press|4|10-12|75 giây,Split đề xuất: upper_lower. Nếu thiếu profile thì ghi rõ đây là plan mẫu.
EXM117,workout_plan_request,Cho tôi plan recomp 4 buổi,table_like,Mục tiêu;Workout plan;Cardio;Ghi chú cá nhân hóa,"Bench Press, sets, reps, rest, volume",Thứ 2|Upper|Bench Press|4|6-8|90 giây; Thứ 3|Lower|Squat|4|6-8|90 giây; Thứ 5|Upper|Lat Pulldown|4|8-10|75 giây; Thứ 6|Lower|Leg Press|4|10-12|75 giây,Split đề xuất: upper_lower. Nếu thiếu profile thì ghi rõ đây là plan mẫu.
EXM118,workout_plan_request,Tập 5 buổi để tăng cơ,table_like,Mục tiêu;Workout plan;Cardio;Ghi chú cá nhân hóa,"Bench Press, sets, reps, rest, volume",Thứ 2|Push|Bench Press|4|6-8|90 giây; Thứ 3|Pull|Lat Pulldown|4|8-10|75 giây; Thứ 4|Legs|Squat|4|6-8|90 giây; Thứ 6|Upper|Incline Dumbbell Press|4|8-10|75 giây; Thứ 7|Lower|Romanian Deadlift|4|8-10|90 giây,Split đề xuất: push_pull_legs_upper_lower. Nếu thiếu profile thì ghi rõ đây là plan mẫu.
EXM119,workout_plan_request,Tập 3 buổi để tăng cơ,table_like,Mục tiêu;Workout plan;Cardio;Ghi chú cá nhân hóa,"Bench Press, sets, reps, rest, volume",Thứ 2|Full Body|Squat|4|6-8|90 giây; Thứ 4|Full Body|Bench Press|4|6-8|90 giây; Thứ 6|Full Body|Romanian Deadlift|4|8-10|90 giây,Split đề xuất: full_body. Nếu thiếu profile thì ghi rõ đây là plan mẫu.
EXM120,workout_plan_request,Tập 5 buổi để tăng cơ,table_like,Mục tiêu;Workout plan;Cardio;Ghi chú cá nhân hóa,"Bench Press, sets, reps, rest, volume",Thứ 2|Push|Bench Press|4|6-8|90 giây; Thứ 3|Pull|Lat Pulldown|4|8-10|75 giây; Thứ 4|Legs|Squat|4|6-8|90 giây; Thứ 6|Upper|Incline Dumbbell Press|4|8-10|75 giây; Thứ 7|Lower|Romanian Deadlift|4|8-10|90 giây,Split đề xuất: push_pull_legs_upper_lower. Nếu thiếu profile thì ghi rõ đây là plan mẫu.
